activity,id,rectime,total_adult_utt,total_child_utt,total_adult_resp,total_adult_imitexp,prop_adultresp_outof_childutt,prop_adult_imitexp_outof_childutt,language,segment_num
ac,20001,15242,68,46,62,18,1.3478260869565217,0.391304347826087,english,2
conv,20001,15242,64,34,51,13,1.5,0.38235294117647056,english,2
ods,20001,15242,2,13,1,0,0.07692307692307693,0,english,2
play,20001,15242,65,33,54,15,1.6363636363636365,0.45454545454545453,english,2
ac,20001,14342,91,54,77,25,1.4259259259259258,0.46296296296296297,english,3
conv,20001,14342,43,17,24,5,1.411764705882353,0.29411764705882354,english,3
ods,20001,14342,21,4,9,3,2.25,0.75,english,3
routines,20001,14342,13,3,9,2,3,0.6666666666666666,english,3
ac,20001,21242,50,14,30,9,2.142857142857143,0.6428571428571429,english,4
conv,20001,21242,8,1,4,0,4,0,english,4
ods,20001,21242,81,20,23,1,1.15,0.05,english,4
routines,20001,21242,65,29,56,16,1.9310344827586208,0.5517241379310345,english,4
ods,20001,5,37,7,23,1,3.2857142857142856,0.14285714285714285,english,5
play,20001,5,127,49,106,21,2.163265306122449,0.42857142857142855,english,5
ac,20001,15842,18,6,11,1,1.8333333333333333,0.16666666666666666,english,7
conv,20001,15842,103,24,64,7,2.6666666666666665,0.2916666666666667,english,7
ods,20001,15842,24,16,18,1,1.125,0.0625,english,7
ac,20001,8942,18,2,7,0,3.5,0,english,8
conv,20001,8942,45,13,36,7,2.769230769230769,0.5384615384615384,english,8
ods,20001,8942,80,28,20,3,0.7142857142857143,0.10714285714285714,english,8
ods,20003,1723,0,2,0,0,0,0,english,11
play,20003,1723,64,12,33,15,2.75,1.25,english,11
routines,20003,1723,77,18,36,11,2,0.6111111111111112,english,11
ac,20003,11923,1,0,0,0,NaN,NaN,english,12
books,20003,11923,42,19,33,16,1.736842105263158,0.8421052631578947,english,12
ods,20003,11923,18,3,9,0,3,0,english,12
play,20003,11923,25,9,14,6,1.5555555555555556,0.6666666666666666,english,12
ac,20003,29734,2,0,0,0,NaN,NaN,english,14
ods,20003,29734,26,23,8,0,0.34782608695652173,0,english,14
routines,20003,29734,52,10,22,6,2.2,0.6,english,14
ac,20003,31360,3,1,2,1,2,1,english,15
books,20003,31360,52,31,35,12,1.1290322580645162,0.3870967741935484,english,15
ods,20003,31360,0,4,0,0,0,0,english,15
food,20003,823,29,7,14,1,2,0.14285714285714285,english,16
ods,20003,823,7,3,6,0,2,0,english,16
routines,20003,823,46,9,23,4,2.5555555555555554,0.4444444444444444,english,16
ac,20003,5323,5,4,4,0,1,0,english,19
food,20003,5323,1,0,0,0,NaN,NaN,english,19
routines,20003,5323,67,14,32,7,2.2857142857142856,0.5,english,19
ac,20004,12055,23,5,10,3,2,0.6,english,10
ods,20004,12055,34,15,16,3,1.0666666666666667,0.2,english,10
play,20004,12055,66,19,26,6,1.368421052631579,0.3157894736842105,english,10
ac,20004,5769,41,11,21,0,1.9090909090909092,0,english,11
ods,20004,5769,193,11,28,1,2.5454545454545454,0.09090909090909091,english,11
ac,20004,5169,6,1,3,0,3,0,english,13
conv,20004,5169,11,0,0,0,NaN,NaN,english,13
food,20004,5169,16,8,13,1,1.625,0.125,english,13
ods,20004,5169,70,9,17,0,1.8888888888888888,0,english,13
play,20004,5169,15,2,3,0,1.5,0,english,13
ac,20004,8169,68,22,47,8,2.1363636363636362,0.36363636363636365,english,4
ods,20004,8169,115,30,41,2,1.3666666666666667,0.06666666666666667,english,4
play,20004,8169,17,3,5,3,1.6666666666666667,1,english,4
ac,20004,12655,33,16,20,4,1.25,0.25,english,7
ods,20004,12655,37,14,15,0,1.0714285714285714,0,english,7
play,20004,12655,33,3,13,0,4.333333333333333,0,english,7
ac,20004,6969,32,1,3,1,3,1,english,9
ods,20004,6969,169,20,40,3,2,0.15,english,9
play,20004,6969,5,1,3,0,3,0,english,9
ac,20007,8978,40,28,34,8,1.2142857142857142,0.2857142857142857,english,13
ods,20007,8978,17,0,0,0,NaN,NaN,english,13
ac,20007,7905,17,6,12,0,2,0,english,14
conv,20007,7905,37,14,28,11,2,0.7857142857142857,english,14
ods,20007,7905,41,18,16,0,0.8888888888888888,0,english,14
ac,20007,15191,26,3,4,0,1.3333333333333333,0,english,15
conv,20007,15191,16,10,8,0,0.8,0,english,15
food,20007,15191,6,2,5,1,2.5,0.5,english,15
ods,20007,15191,63,22,26,0,1.1818181818181819,0,english,15
ac,20007,6705,25,12,18,0,1.5,0,english,17
conv,20007,6705,15,10,14,1,1.4,0.1,english,17
ods,20007,6705,44,33,28,1,0.8484848484848485,0.030303030303030304,english,17
ac,20007,17891,18,5,12,2,2.4,0.4,english,20
ods,20007,17891,49,1,4,0,4,0,english,20
ac,20007,13563,22,0,0,0,NaN,NaN,english,22
conv,20007,13563,33,4,9,4,2.25,1,english,22
ods,20007,13563,129,12,16,0,1.3333333333333333,0,english,22
food,20034,1056,47,23,39,7,1.6956521739130435,0.30434782608695654,english,10
ods,20034,1056,34,35,27,7,0.7714285714285715,0.2,english,10
ac,20034,21499,28,13,26,5,2,0.38461538461538464,english,2
books,20034,21499,80,28,48,2,1.7142857142857142,0.07142857142857142,english,2
conv,20034,21499,6,8,5,0,0.625,0,english,2
ods,20034,21499,30,21,16,2,0.7619047619047619,0.09523809523809523,english,2
routines,20034,21499,25,8,20,5,2.5,0.625,english,2
food,20034,19399,61,36,48,9,1.3333333333333333,0.25,english,3
ods,20034,19399,29,38,22,8,0.5789473684210527,0.21052631578947367,english,3
ac,20034,18199,23,21,23,6,1.0952380952380953,0.2857142857142857,english,4
food,20034,18199,51,50,47,7,0.94,0.14,english,4
ods,20034,18199,27,22,23,2,1.0454545454545454,0.09090909090909091,english,4
ods,20034,16999,38,25,23,5,0.92,0.2,english,6
routines,20034,16999,88,67,78,18,1.164179104477612,0.26865671641791045,english,6
ods,20034,10456,37,11,18,3,1.6363636363636365,0.2727272727272727,english,7
play,20034,10456,75,46,64,11,1.391304347826087,0.2391304347826087,english,7
ac,20041,19599,52,33,50,14,1.5151515151515151,0.42424242424242425,english,14
conv,20041,19599,40,17,35,10,2.0588235294117645,0.5882352941176471,english,14
ods,20041,19599,0,7,0,0,0,0,english,14
play,20041,19599,20,4,11,5,2.75,1.25,english,14
ods,20041,39491,59,25,27,4,1.08,0.16,english,17
play,20041,39491,84,35,66,13,1.8857142857142857,0.37142857142857144,english,17
conv,20041,27399,34,27,30,7,1.1111111111111112,0.25925925925925924,english,20
ods,20041,27399,19,19,16,2,0.8421052631578947,0.10526315789473684,english,20
play,20041,27399,79,62,77,13,1.2419354838709677,0.20967741935483872,english,20
ac,20041,2190,10,1,3,0,3,0,english,21
ods,20041,2190,13,22,11,2,0.5,0.09090909090909091,english,21
play,20041,2190,60,26,53,14,2.0384615384615383,0.5384615384615384,english,21
routines,20041,2190,23,17,19,5,1.1176470588235294,0.29411764705882354,english,21
food,20041,90,45,15,36,10,2.4,0.6666666666666666,english,4
ods,20041,90,42,16,22,3,1.375,0.1875,english,4
play,20041,90,115,43,89,31,2.0697674418604652,0.7209302325581395,english,4
ods,20041,690,51,26,36,1,1.3846153846153846,0.038461538461538464,english,5
play,20041,690,147,69,131,49,1.8985507246376812,0.7101449275362319,english,5
ac,20048,17,9,1,2,0,2,0,english,11
books,20048,17,82,27,46,5,1.7037037037037037,0.18518518518518517,english,11
ods,20048,17,0,2,0,0,0,0,english,11
conv,20048,3648,4,3,3,0,1,0,english,12
ods,20048,3648,0,3,0,0,0,0,english,12
play,20048,3648,62,55,47,4,0.8545454545454545,0.07272727272727272,english,12
ac,20048,24910,15,4,8,2,2,0.5,english,13
conv,20048,24910,21,15,17,3,1.1333333333333333,0.2,english,13
ods,20048,24910,4,6,4,0,0.6666666666666666,0,english,13
play,20048,24910,12,1,3,0,3,0,english,13
food,20048,12618,137,46,72,15,1.565217391304348,0.32608695652173914,english,2
ods,20048,12618,4,4,4,1,1,0.25,english,2
ac,20048,18668,37,5,14,2,2.8,0.4,english,3
ods,20048,18668,74,8,16,0,2,0,english,3
play,20048,18668,53,18,36,5,2,0.2777777777777778,english,3
books,20048,948,53,21,48,3,2.2857142857142856,0.14285714285714285,english,5
ods,20048,948,14,15,13,2,0.8666666666666667,0.13333333333333333,english,5
play,20048,948,103,62,87,14,1.403225806451613,0.22580645161290322,english,5
ac,20050,4720,1,0,0,0,NaN,NaN,english,1
books,20050,4720,199,94,176,56,1.872340425531915,0.5957446808510638,english,1
ods,20050,4720,0,3,0,0,0,0,english,1
books,20050,30220,138,28,80,17,2.857142857142857,0.6071428571428571,english,2
ods,20050,30220,9,2,5,1,2.5,0.5,english,2
books,20050,31120,113,17,54,13,3.176470588235294,0.7647058823529411,english,3
conv,20050,31120,39,19,35,2,1.8421052631578947,0.10526315789473684,english,3
ods,20050,31120,19,6,7,0,1.1666666666666667,0,english,3
books,20050,5620,146,9,26,9,2.888888888888889,1,english,4
ods,20050,5620,1,2,1,0,0.5,0,english,4
routines,20050,5620,13,10,9,2,0.9,0.2,english,4
food,20050,46720,3,3,2,0,0.6666666666666666,0,english,6
ods,20050,46720,19,14,15,0,1.0714285714285714,0,english,6
routines,20050,46720,160,81,146,27,1.8024691358024691,0.3333333333333333,english,6
books,20050,37720,96,29,65,17,2.2413793103448274,0.5862068965517241,english,7
food,20050,37720,26,26,25,7,0.9615384615384616,0.2692307692307692,english,7
ods,20050,37720,0,2,0,0,0,0,english,7
books,20056,29376,200,32,105,16,3.28125,0.5,english,2
conv,20056,29376,20,7,16,0,2.2857142857142856,0,english,2
books,20056,33276,174,41,109,20,2.658536585365854,0.4878048780487805,english,3
books,20056,9276,229,37,120,19,3.2432432432432434,0.5135135135135135,english,4
conv,20056,9276,9,4,8,0,2,0,english,4
conv,20056,42773,141,27,77,15,2.8518518518518516,0.5555555555555556,english,5
ods,20056,42773,158,10,27,1,2.7,0.1,english,5
books,20056,51473,87,12,39,8,3.25,0.6666666666666666,english,7
conv,20056,51473,35,15,26,7,1.7333333333333334,0.4666666666666667,english,7
ods,20056,51473,175,12,33,0,2.75,0,english,7
ac,20056,47273,78,31,58,12,1.8709677419354838,0.3870967741935484,english,9
conv,20056,47273,8,1,1,0,1,0,english,9
ods,20056,47273,71,11,30,4,2.727272727272727,0.36363636363636365,english,9
play,20056,47273,72,23,60,12,2.608695652173913,0.5217391304347826,english,9
books,20071,8808,200,9,24,7,2.6666666666666665,0.7777777777777778,english,1
ods,20071,8808,8,4,4,1,1,0.25,english,1
ac,20071,8208,12,6,5,1,0.8333333333333334,0.16666666666666666,english,11
books,20071,8208,95,4,12,2,3,0.5,english,11
conv,20071,8208,10,5,9,2,1.8,0.4,english,11
ods,20071,8208,0,5,0,0,0,0,english,11
ac,20071,108,19,17,15,3,0.8823529411764706,0.17647058823529413,english,13
conv,20071,108,14,2,6,0,3,0,english,13
ods,20071,108,52,10,29,2,2.9,0.2,english,13
play,20071,108,36,32,27,5,0.84375,0.15625,english,13
routines,20071,108,24,9,19,3,2.111111111111111,0.3333333333333333,english,13
ac,20071,28008,25,6,12,3,2,0.5,english,15
conv,20071,28008,45,3,12,1,4,0.3333333333333333,english,15
ods,20071,28008,94,25,31,0,1.24,0,english,15
ac,20071,56937,21,2,5,1,2.5,0.5,english,2
ods,20071,56937,148,13,23,1,1.7692307692307692,0.07692307692307693,english,2
routines,20071,56937,52,12,33,8,2.75,0.6666666666666666,english,2
ods,20071,5808,80,34,37,2,1.088235294117647,0.058823529411764705,english,9
play,20071,5808,88,20,54,6,2.7,0.3,english,9
ac,20073,2019,4,0,0,0,NaN,NaN,english,1
conv,20073,2019,199,31,78,36,2.5161290322580645,1.1612903225806452,english,1
food,20073,2019,21,1,4,0,4,0,english,1
ods,20073,2019,42,3,10,1,3.3333333333333335,0.3333333333333333,english,1
food,20073,6218,107,2,6,2,3,1,english,2
ods,20073,6218,57,1,4,0,4,0,english,2
play,20073,6218,54,4,13,5,3.25,1.25,english,2
ac,20073,1119,27,2,9,1,4.5,0.5,english,3
ods,20073,1119,4,11,3,0,0.2727272727272727,0,english,3
play,20073,1119,136,16,56,22,3.5,1.375,english,3
ac,20073,13818,12,4,7,2,1.75,0.5,english,4
books,20073,13818,69,15,47,12,3.1333333333333333,0.8,english,4
conv,20073,13818,49,28,37,7,1.3214285714285714,0.25,english,4
ods,20073,13818,44,25,27,4,1.08,0.16,english,4
ac,20073,28999,8,3,5,1,1.6666666666666667,0.3333333333333333,english,5
food,20073,28999,79,30,66,11,2.2,0.36666666666666664,english,5
ods,20073,28999,42,11,10,0,0.9090909090909091,0,english,5
ac,20073,4118,23,1,2,0,2,0,english,6
conv,20073,4118,25,4,10,3,2.5,0.75,english,6
ods,20073,4118,50,5,15,2,3,0.4,english,6
play,20073,4118,80,18,35,13,1.9444444444444444,0.7222222222222222,english,6
ac,20086,36922,10,8,9,2,1.125,0.25,english,10
conv,20086,36922,79,51,74,25,1.4509803921568627,0.49019607843137253,english,10
ods,20086,36922,61,25,41,3,1.64,0.12,english,10
play,20086,36922,21,8,13,3,1.625,0.375,english,10
conv,20086,32122,109,57,98,31,1.719298245614035,0.543859649122807,english,12
ods,20086,32122,26,3,9,4,3,1.3333333333333333,english,12
food,20086,35722,76,19,45,8,2.3684210526315788,0.42105263157894735,english,13
ods,20086,35722,124,21,48,7,2.2857142857142856,0.3333333333333333,english,13
ac,20086,33622,6,0,0,0,NaN,NaN,english,2
books,20086,33622,162,56,131,26,2.3392857142857144,0.4642857142857143,english,2
ods,20086,33622,11,11,9,0,0.8181818181818182,0,english,2
ac,20086,34222,26,16,25,12,1.5625,0.75,english,4
books,20086,34222,136,86,132,43,1.5348837209302326,0.5,english,4
ods,20086,34222,26,7,13,1,1.8571428571428572,0.14285714285714285,english,4
conv,20086,36322,30,19,25,9,1.3157894736842106,0.47368421052631576,english,6
food,20086,36322,72,21,44,7,2.0952380952380953,0.3333333333333333,english,6
ods,20086,36322,96,23,44,7,1.9130434782608696,0.30434782608695654,english,6
food,20108,27296,44,19,38,6,2,0.3157894736842105,english,1
ods,20108,27296,90,17,31,3,1.8235294117647058,0.17647058823529413,english,1
ac,20108,14696,5,7,5,0,0.7142857142857143,0,english,10
ods,20108,14696,26,13,9,0,0.6923076923076923,0,english,10
play,20108,14696,44,14,29,8,2.0714285714285716,0.5714285714285714,english,10
ac,20108,25796,1,0,0,0,NaN,NaN,english,12
conv,20108,25796,22,7,20,7,2.857142857142857,1,english,12
ods,20108,25796,13,7,10,3,1.4285714285714286,0.42857142857142855,english,12
routines,20108,25796,29,7,16,4,2.2857142857142856,0.5714285714285714,english,12
ac,20108,22496,31,37,29,8,0.7837837837837838,0.21621621621621623,english,13
conv,20108,22496,6,1,5,2,5,2,english,13
ods,20108,22496,16,13,13,1,1,0.07692307692307693,english,13
ac,20108,14096,5,2,2,0,1,0,english,2
conv,20108,14096,21,9,16,5,1.7777777777777777,0.5555555555555556,english,2
ods,20108,14096,52,21,24,5,1.1428571428571428,0.23809523809523808,english,2
play,20108,14096,28,9,21,2,2.3333333333333335,0.2222222222222222,english,2
conv,20108,7796,7,3,2,0,0.6666666666666666,0,english,5
food,20108,7796,19,11,16,5,1.4545454545454546,0.45454545454545453,english,5
ods,20108,7796,13,8,9,2,1.125,0.25,english,5
routines,20108,7796,55,9,22,7,2.4444444444444446,0.7777777777777778,english,5
ac,20112,17703,5,6,4,2,0.6666666666666666,0.3333333333333333,english,1
conv,20112,17703,97,63,92,26,1.4603174603174602,0.4126984126984127,english,1
ods,20112,17703,0,4,0,0,0,0,english,1
play,20112,17703,9,5,7,1,1.4,0.2,english,1
routines,20112,17703,71,55,68,18,1.2363636363636363,0.32727272727272727,english,1
conv,20112,17103,129,87,124,39,1.4252873563218391,0.4482758620689655,english,2
ods,20112,17103,0,2,0,0,0,0,english,2
play,20112,17103,1,0,0,0,NaN,NaN,english,2
ods,20112,4203,1,3,1,0,0.3333333333333333,0,english,3
play,20112,4203,133,66,114,29,1.7272727272727273,0.4393939393939394,english,3
ac,20112,23703,30,12,22,8,1.8333333333333333,0.6666666666666666,english,4
conv,20112,23703,5,0,0,0,NaN,NaN,english,4
ods,20112,23703,43,11,13,2,1.1818181818181819,0.18181818181818182,english,4
play,20112,23703,8,1,3,0,3,0,english,4
routines,20112,23703,35,26,33,7,1.2692307692307692,0.2692307692307692,english,4
ods,20112,3,13,3,3,0,1,0,english,5
play,20112,3,141,60,124,20,2.066666666666667,0.3333333333333333,english,5
conv,20112,19503,89,47,77,19,1.6382978723404256,0.40425531914893614,english,6
food,20112,19503,30,21,26,8,1.2380952380952381,0.38095238095238093,english,6
ods,20112,19503,1,15,1,0,0.06666666666666667,0,english,6
ac,20113,14481,28,9,17,0,1.8888888888888888,0,english,11
conv,20113,14481,19,1,3,1,3,1,english,11
food,20113,14481,8,0,0,0,NaN,NaN,english,11
ods,20113,14481,56,25,20,0,0.8,0,english,11
ac,20113,24851,26,4,16,1,4,0.25,english,12
conv,20113,24851,20,2,10,0,5,0,english,12
ods,20113,24851,50,15,18,0,1.2,0,english,12
conv,20113,1506,47,25,40,7,1.6,0.28,english,13
ods,20113,1506,13,13,7,1,0.5384615384615384,0.07692307692307693,english,13
play,20113,1506,94,54,71,17,1.3148148148148149,0.3148148148148148,english,13
ac,20113,17893,18,1,5,3,5,3,english,2
ods,20113,17893,151,11,31,5,2.8181818181818183,0.45454545454545453,english,2
routines,20113,17893,11,1,1,1,1,1,english,2
ac,20113,7881,1,0,0,0,NaN,NaN,english,6
ods,20113,7881,1,7,1,0,0.14285714285714285,0,english,6
play,20113,7881,114,38,70,11,1.8421052631578947,0.2894736842105263,english,6
ac,20113,6081,4,4,1,0,0.25,0,english,9
conv,20113,6081,32,3,6,0,2,0,english,9
ods,20113,6081,1,4,1,0,0.25,0,english,9
routines,20113,6081,21,3,9,0,3,0,english,9
ac,20114,40955,40,53,39,10,0.7358490566037735,0.18867924528301888,english,1
books,20114,40955,63,37,56,19,1.5135135135135136,0.5135135135135135,english,1
ods,20114,40955,0,4,0,0,0,0,english,1
ac,20114,2255,2,0,0,0,NaN,NaN,english,11
conv,20114,2255,6,2,4,0,2,0,english,11
ods,20114,2255,29,9,18,2,2,0.2222222222222222,english,11
routines,20114,2255,109,56,97,14,1.7321428571428572,0.25,english,11
ac,20114,9455,14,2,7,3,3.5,1.5,english,13
books,20114,9455,56,64,55,17,0.859375,0.265625,english,13
ods,20114,9455,33,25,21,5,0.84,0.2,english,13
routines,20114,9455,15,3,11,3,3.6666666666666665,1,english,13
ac,20114,34355,2,2,0,0,0,0,english,6
conv,20114,34355,71,45,70,15,1.5555555555555556,0.3333333333333333,english,6
ods,20114,34355,47,33,22,3,0.6666666666666666,0.09090909090909091,english,6
routines,20114,34355,4,4,2,1,0.5,0.25,english,6
ac,20114,7055,9,1,3,0,3,0,english,7
conv,20114,7055,28,7,19,4,2.7142857142857144,0.5714285714285714,english,7
ods,20114,7055,97,21,39,4,1.8571428571428572,0.19047619047619047,english,7
routines,20114,7055,17,4,3,0,0.75,0,english,7
ac,20114,7655,33,16,23,6,1.4375,0.375,english,8
ods,20114,7655,60,17,21,2,1.2352941176470589,0.11764705882352941,english,8
routines,20114,7655,31,22,23,11,1.0454545454545454,0.5,english,8
ac,20117,6529,6,1,3,0,3,0,english,12
conv,20117,6529,72,9,14,3,1.5555555555555556,0.3333333333333333,english,12
ods,20117,6529,46,7,17,2,2.4285714285714284,0.2857142857142857,english,12
play,20117,6529,9,2,3,0,1.5,0,english,12
ac,20117,3,78,12,33,6,2.75,0.5,english,18
food,20117,3,20,7,18,1,2.5714285714285716,0.14285714285714285,english,18
ods,20117,3,0,1,0,0,0,0,english,18
routines,20117,3,17,8,13,6,1.625,0.75,english,18
ac,20117,1729,36,12,15,5,1.25,0.4166666666666667,english,23
ods,20117,1729,0,2,0,0,0,0,english,23
ac,20117,13729,14,5,8,1,1.6,0.2,english,27
ods,20117,13729,1,6,1,0,0.16666666666666666,0,english,27
play,20117,13729,53,26,38,10,1.4615384615384615,0.38461538461538464,english,27
ac,20117,20329,9,1,3,1,3,1,english,31
conv,20117,20329,3,0,0,0,NaN,NaN,english,31
ods,20117,20329,50,12,19,3,1.5833333333333333,0.25,english,31
routines,20117,20329,12,2,4,0,2,0,english,31
ac,20117,4129,3,0,0,0,NaN,NaN,english,34
conv,20117,4129,16,9,11,2,1.2222222222222223,0.2222222222222222,english,34
ods,20117,4129,46,22,16,2,0.7272727272727273,0.09090909090909091,english,34
ac,20121,1212,1,0,0,0,NaN,NaN,english,1
ods,20121,1212,0,2,0,0,0,0,english,1
play,20121,1212,64,15,32,7,2.1333333333333333,0.4666666666666667,english,1
ac,20121,6612,4,0,0,0,NaN,NaN,english,3
conv,20121,6612,16,6,9,1,1.5,0.16666666666666666,english,3
ods,20121,6612,58,3,5,0,1.6666666666666667,0,english,3
play,20121,6612,36,8,18,1,2.25,0.125,english,3
ac,20121,12,17,8,13,2,1.625,0.25,english,4
ods,20121,12,1,3,1,0,0.3333333333333333,0,english,4
play,20121,12,62,29,40,15,1.3793103448275863,0.5172413793103449,english,4
food,20121,24820,5,1,3,1,3,1,english,7
ods,20121,24820,26,28,13,3,0.4642857142857143,0.10714285714285714,english,7
play,20121,24820,20,4,11,1,2.75,0.25,english,7
ac,20121,5112,6,5,2,0,0.4,0,english,8
conv,20121,5112,17,13,11,2,0.8461538461538461,0.15384615384615385,english,8
ods,20121,5112,8,8,0,0,0,0,english,8
ac,20121,19120,6,0,0,0,NaN,NaN,english,9
ods,20121,19120,35,25,23,2,0.92,0.08,english,9
routines,20121,19120,6,5,4,1,0.8,0.2,english,9
ac,20122,17957,15,5,10,0,2,0,english,2
ods,20122,17957,11,1,3,1,3,1,english,2
play,20122,17957,101,25,59,6,2.36,0.24,english,2
routines,20122,17957,62,45,56,10,1.2444444444444445,0.2222222222222222,english,2
ods,20122,10457,0,2,0,0,0,0,english,4
routines,20122,10457,171,71,120,14,1.6901408450704225,0.19718309859154928,english,4
ac,20122,23657,110,55,88,11,1.6,0.2,english,6
ods,20122,23657,29,7,8,0,1.1428571428571428,0,english,6
ac,20122,27557,26,16,19,5,1.1875,0.3125,english,7
ods,20122,27557,109,28,31,2,1.1071428571428572,0.07142857142857142,english,7
play,20122,27557,50,26,42,8,1.6153846153846154,0.3076923076923077,english,7
ac,20122,13457,102,42,81,5,1.9285714285714286,0.11904761904761904,english,8
ods,20122,13457,84,10,22,0,2.2,0,english,8
ac,20122,14657,82,18,37,6,2.0555555555555554,0.3333333333333333,english,9
ods,20122,14657,41,3,8,0,2.6666666666666665,0,english,9
books,20127,1754,70,11,28,6,2.5454545454545454,0.5454545454545454,english,1
ods,20127,1754,22,2,4,0,2,0,english,1
play,20127,1754,119,18,49,6,2.7222222222222223,0.3333333333333333,english,1
ac,20127,6733,4,0,0,0,NaN,NaN,english,11
conv,20127,6733,7,2,3,0,1.5,0,english,11
food,20127,6733,39,22,36,11,1.6363636363636365,0.5,english,11
ods,20127,6733,20,6,9,0,1.5,0,english,11
routines,20127,6733,33,14,29,2,2.0714285714285716,0.14285714285714285,english,11
food,20127,0,55,14,36,6,2.5714285714285716,0.42857142857142855,english,14
ods,20127,0,45,2,1,0,0.5,0,english,14
routines,20127,0,5,2,1,0,0.5,0,english,14
conv,20127,5533,8,7,6,2,0.8571428571428571,0.2857142857142857,english,15
food,20127,5533,77,54,68,14,1.2592592592592593,0.25925925925925924,english,15
ac,20127,1154,1,0,0,0,NaN,NaN,english,7
books,20127,1154,23,1,5,1,5,1,english,7
ods,20127,1154,24,7,13,1,1.8571428571428572,0.14285714285714285,english,7
play,20127,1154,67,36,57,8,1.5833333333333333,0.2222222222222222,english,7
conv,20127,46633,33,22,29,6,1.3181818181818181,0.2727272727272727,english,8
ods,20127,46633,65,19,17,1,0.8947368421052632,0.05263157894736842,english,8
routines,20127,46633,23,11,20,8,1.8181818181818181,0.7272727272727273,english,8
ods,20128,935,0,1,0,0,0,0,english,2
play,20128,935,112,45,85,22,1.8888888888888888,0.4888888888888889,english,2
ac,20128,4535,6,10,5,1,0.5,0.1,english,3
conv,20128,4535,98,42,82,6,1.9523809523809523,0.14285714285714285,english,3
ods,20128,4535,0,6,0,0,0,0,english,3
ac,20128,36935,38,1,5,2,5,2,english,4
food,20128,36935,5,1,3,1,3,1,english,4
ods,20128,36935,60,12,15,1,1.25,0.08333333333333333,english,4
ac,20128,35,5,1,3,0,3,0,english,6
conv,20128,35,28,6,12,1,2,0.16666666666666666,english,6
ods,20128,35,0,2,0,0,0,0,english,6
play,20128,35,75,18,31,5,1.7222222222222223,0.2777777777777778,english,6
routines,20128,35,20,2,6,1,3,0.5,english,6
conv,20128,1835,49,11,31,6,2.8181818181818183,0.5454545454545454,english,7
ods,20128,1835,0,1,0,0,0,0,english,7
play,20128,1835,73,8,20,1,2.5,0.125,english,7
ac,20128,15335,5,2,2,0,1,0,english,8
conv,20128,15335,56,11,20,1,1.8181818181818181,0.09090909090909091,english,8
food,20128,15335,13,9,11,3,1.2222222222222223,0.3333333333333333,english,8
ods,20128,15335,0,3,0,0,0,0,english,8
play,20128,15335,37,2,6,1,3,0.5,english,8
ac,20129,39304,41,15,20,2,1.3333333333333333,0.13333333333333333,english,28
ods,20129,39304,49,0,0,0,NaN,NaN,english,28
ods,20129,36604,0,1,0,0,0,0,english,34
routines,20129,36604,27,0,0,0,NaN,NaN,english,34
ac,20129,45304,22,10,14,2,1.4,0.2,english,37
ods,20129,45304,47,0,0,0,NaN,NaN,english,37
ac,20129,304,8,1,2,0,2,0,english,38
conv,20129,304,3,0,0,0,NaN,NaN,english,38
ods,20129,304,4,2,4,0,2,0,english,38
ac,20129,40204,30,1,4,4,4,4,english,40
ods,20129,40204,0,2,0,0,0,0,english,40
ac,20129,44704,45,2,2,0,1,0,english,42
books,20132,42453,249,73,171,57,2.3424657534246576,0.7808219178082192,english,1
ac,20132,40053,21,11,19,4,1.7272727272727273,0.36363636363636365,english,3
conv,20132,40053,115,47,105,30,2.234042553191489,0.6382978723404256,english,3
ods,20132,40053,45,14,22,0,1.5714285714285714,0,english,3
books,20132,41853,60,6,20,2,3.3333333333333335,0.3333333333333333,english,4
conv,20132,41853,7,4,6,0,1.5,0,english,4
food,20132,41853,8,4,4,0,1,0,english,4
ods,20132,41853,3,2,0,0,0,0,english,4
routines,20132,41853,34,3,10,2,3.3333333333333335,0.6666666666666666,english,4
ac,20132,39453,2,0,0,0,NaN,NaN,english,5
conv,20132,39453,88,20,49,8,2.45,0.4,english,5
food,20132,39453,29,35,26,5,0.7428571428571429,0.14285714285714285,english,5
ods,20132,39453,15,7,9,0,1.2857142857142858,0,english,5
ac,20132,38853,6,1,3,0,3,0,english,7
food,20132,38853,34,21,27,7,1.2857142857142858,0.3333333333333333,english,7
ods,20132,38853,39,8,13,0,1.625,0,english,7
play,20132,38853,72,35,50,12,1.4285714285714286,0.34285714285714286,english,7
ac,20132,37353,15,1,1,0,1,0,english,8
conv,20132,37353,69,7,25,8,3.5714285714285716,1.1428571428571428,english,8
ods,20132,37353,97,13,19,0,1.4615384615384615,0,english,8
play,20132,37353,43,3,6,2,2,0.6666666666666666,english,8
ac,20136,35618,9,4,9,0,2.25,0,english,11
conv,20136,35618,25,10,17,2,1.7,0.2,english,11
ods,20136,35618,11,11,10,1,0.9090909090909091,0.09090909090909091,english,11
play,20136,35618,83,46,65,20,1.4130434782608696,0.43478260869565216,english,11
ac,20136,3287,29,13,15,1,1.1538461538461537,0.07692307692307693,english,14
ods,20136,3287,3,3,3,0,1,0,english,14
play,20136,3287,45,22,42,10,1.9090909090909092,0.45454545454545453,english,14
ac,20136,36818,9,6,9,3,1.5,0.5,english,16
ods,20136,36818,36,9,18,0,2,0,english,16
play,20136,36818,78,38,57,17,1.5,0.4473684210526316,english,16
ods,20136,29940,11,4,7,0,1.75,0,english,3
play,20136,29940,121,111,107,35,0.963963963963964,0.3153153153153153,english,3
ac,20136,27540,53,15,32,8,2.1333333333333333,0.5333333333333333,english,4
ods,20136,27540,80,4,5,4,1.25,1,english,4
play,20136,27540,76,25,53,12,2.12,0.48,english,4
ods,20136,40417,15,6,5,0,0.8333333333333334,0,english,5
play,20136,40417,121,24,59,13,2.4583333333333335,0.5416666666666666,english,5
conv,20149,23973,46,12,31,5,2.5833333333333335,0.4166666666666667,english,1
ods,20149,23973,39,4,12,4,3,1,english,1
play,20149,23973,124,25,57,13,2.28,0.52,english,1
ac,20149,23373,8,3,7,0,2.3333333333333335,0,english,2
conv,20149,23373,34,6,17,3,2.8333333333333335,0.5,english,2
ods,20149,23373,26,1,1,0,1,0,english,2
play,20149,23373,68,15,34,11,2.2666666666666666,0.7333333333333333,english,2
routines,20149,23373,59,16,34,7,2.125,0.4375,english,2
ac,20149,24873,2,0,0,0,NaN,NaN,english,3
conv,20149,24873,40,18,30,6,1.6666666666666667,0.3333333333333333,english,3
ods,20149,24873,41,9,18,0,2,0,english,3
play,20149,24873,63,27,44,10,1.6296296296296295,0.37037037037037035,english,3
conv,20149,1221,135,42,93,26,2.2142857142857144,0.6190476190476191,english,4
ods,20149,1221,0,1,0,0,0,0,english,4
conv,20149,14421,56,26,38,10,1.4615384615384615,0.38461538461538464,english,5
ods,20149,14421,0,3,0,0,0,0,english,5
play,20149,14421,27,4,8,2,2,0.5,english,5
routines,20149,14421,48,13,25,4,1.9230769230769231,0.3076923076923077,english,5
ods,20149,28473,0,1,0,0,0,0,english,6
play,20149,28473,134,72,114,26,1.5833333333333333,0.3611111111111111,english,6
ac,20157,5429,18,4,7,1,1.75,0.25,english,15
conv,20157,5429,8,2,7,1,3.5,0.5,english,15
ods,20157,5429,79,14,19,2,1.3571428571428572,0.14285714285714285,english,15
play,20157,5429,31,14,23,7,1.6428571428571428,0.5,english,15
routines,20157,5429,16,8,14,1,1.75,0.125,english,15
ac,20157,1482,107,65,96,9,1.476923076923077,0.13846153846153847,english,20
ods,20157,1482,29,1,4,1,4,1,english,20
ac,20157,5,98,58,75,4,1.293103448275862,0.06896551724137931,english,27
conv,20157,5,13,8,12,0,1.5,0,english,27
ods,20157,5,1,11,0,0,0,0,english,27
routines,20157,5,12,2,4,0,2,0,english,27
ac,20157,582,37,30,33,5,1.1,0.16666666666666666,english,33
ods,20157,582,12,7,6,0,0.8571428571428571,0,english,33
routines,20157,582,42,22,31,6,1.4090909090909092,0.2727272727272727,english,33
ac,20157,8129,17,10,14,3,1.4,0.3,english,37
ods,20157,8129,38,2,1,0,0.5,0,english,37
ac,20157,27672,43,14,30,3,2.142857142857143,0.21428571428571427,english,38
ods,20157,27672,52,14,18,0,1.2857142857142858,0,english,38
books,20161,4729,140,15,56,9,3.7333333333333334,0.6,english,2
conv,20161,4729,27,11,15,4,1.3636363636363635,0.36363636363636365,english,2
conv,20161,1729,7,1,4,2,4,2,english,3
food,20161,1729,80,23,48,9,2.0869565217391304,0.391304347826087,english,3
ods,20161,1729,39,9,16,3,1.7777777777777777,0.3333333333333333,english,3
play,20161,1729,28,8,23,4,2.875,0.5,english,3
conv,20161,6229,90,20,53,9,2.65,0.45,english,4
food,20161,6229,35,8,24,2,3,0.25,english,4
ods,20161,6229,0,2,0,0,0,0,english,4
ac,20161,4129,5,0,0,0,NaN,NaN,english,5
books,20161,4129,39,2,10,2,5,1,english,5
conv,20161,4129,96,24,58,11,2.4166666666666665,0.4583333333333333,english,5
ods,20161,4129,0,2,0,0,0,0,english,5
ac,20161,1129,44,0,0,0,NaN,NaN,english,6
food,20161,1129,83,21,55,13,2.619047619047619,0.6190476190476191,english,6
ods,20161,1129,39,8,13,2,1.625,0.25,english,6
ac,20161,10429,51,10,23,6,2.3,0.6,english,7
conv,20161,10429,16,0,0,0,NaN,NaN,english,7
ods,20161,10429,19,16,6,0,0.375,0,english,7
routines,20161,10429,18,9,16,4,1.7777777777777777,0.4444444444444444,english,7
ac,20166,9731,2,0,0,0,NaN,NaN,english,11
ods,20166,9731,20,5,9,0,1.8,0,english,11
routines,20166,9731,100,63,79,18,1.253968253968254,0.2857142857142857,english,11
ac,20166,10631,11,8,7,3,0.875,0.375,english,13
conv,20166,10631,11,3,7,0,2.3333333333333335,0,english,13
ods,20166,10631,64,50,34,2,0.68,0.04,english,13
routines,20166,10631,18,12,13,1,1.0833333333333333,0.08333333333333333,english,13
ac,20166,11831,3,2,1,0,0.5,0,english,3
ods,20166,11831,96,63,64,10,1.0158730158730158,0.15873015873015872,english,3
play,20166,11831,97,35,74,18,2.1142857142857143,0.5142857142857142,english,3
ac,20166,13931,5,0,0,0,NaN,NaN,english,7
conv,20166,13931,71,26,45,7,1.7307692307692308,0.2692307692307692,english,7
ods,20166,13931,44,20,8,0,0.4,0,english,7
conv,20166,24550,51,18,30,8,1.6666666666666667,0.4444444444444444,english,8
ods,20166,24550,24,14,11,2,0.7857142857142857,0.14285714285714285,english,8
ac,20166,2231,8,2,5,1,2.5,0.5,english,9
conv,20166,2231,41,38,40,14,1.0526315789473684,0.3684210526315789,english,9
ods,20166,2231,29,16,13,3,0.8125,0.1875,english,9
play,20166,2231,17,11,16,6,1.4545454545454546,0.5454545454545454,english,9
routines,20166,2231,24,4,8,1,2,0.25,english,9
food,20167,19493,57,10,21,0,2.1,0,english,10
ods,20167,19493,0,1,0,0,0,0,english,10
routines,20167,19493,57,5,19,2,3.8,0.4,english,10
ac,20167,11610,13,2,5,1,2.5,0.5,english,12
conv,20167,11610,24,6,16,4,2.6666666666666665,0.6666666666666666,english,12
food,20167,11610,19,3,7,2,2.3333333333333335,0.6666666666666666,english,12
ods,20167,11610,0,4,0,0,0,0,english,12
routines,20167,11610,12,4,7,2,1.75,0.5,english,12
ac,20167,18593,28,13,14,0,1.0769230769230769,0,english,19
conv,20167,18593,24,15,18,1,1.2,0.06666666666666667,english,19
food,20167,18593,17,8,12,1,1.5,0.125,english,19
ods,20167,18593,0,3,0,0,0,0,english,19
ac,20167,21893,32,7,8,0,1.1428571428571428,0,english,20
ods,20167,21893,11,1,0,0,0,0,english,20
conv,20167,4658,139,64,111,34,1.734375,0.53125,english,5
ods,20167,4658,0,1,0,0,0,0,english,5
ac,20167,5558,1,0,0,0,NaN,NaN,english,8
conv,20167,5558,49,17,31,7,1.8235294117647058,0.4117647058823529,english,8
ods,20167,5558,11,17,9,1,0.5294117647058824,0.058823529411764705,english,8
play,20167,5558,21,3,14,2,4.666666666666667,0.6666666666666666,english,8
ac,20169,4810,59,17,42,6,2.4705882352941178,0.35294117647058826,english,10
conv,20169,4810,26,22,25,7,1.1363636363636365,0.3181818181818182,english,10
ods,20169,4810,0,8,0,0,0,0,english,10
ac,20169,14696,13,7,7,2,1,0.2857142857142857,english,3
books,20169,14696,63,10,26,4,2.6,0.4,english,3
ods,20169,14696,0,4,0,0,0,0,english,3
routines,20169,14696,24,9,15,1,1.6666666666666667,0.1111111111111111,english,3
ac,20169,310,46,28,37,8,1.3214285714285714,0.2857142857142857,english,5
conv,20169,310,21,13,16,3,1.2307692307692308,0.23076923076923078,english,5
ods,20169,310,4,10,4,0,0.4,0,english,5
routines,20169,310,57,23,46,6,2,0.2608695652173913,english,5
conv,20169,40350,30,12,23,4,1.9166666666666667,0.3333333333333333,english,7
food,20169,40350,94,26,60,10,2.3076923076923075,0.38461538461538464,english,7
ods,20169,40350,88,14,38,3,2.7142857142857144,0.21428571428571427,english,7
ac,20169,13210,7,5,4,1,0.8,0.2,english,8
ods,20169,13210,0,2,0,0,0,0,english,8
play,20169,13210,116,37,86,15,2.324324324324324,0.40540540540540543,english,8
ac,20169,4210,74,50,65,8,1.3,0.16,english,9
conv,20169,4210,28,13,22,2,1.6923076923076923,0.15384615384615385,english,9
ods,20169,4210,0,2,0,0,0,0,english,9
ac,20176,9027,16,4,12,1,3,0.25,english,18
conv,20176,9027,19,2,6,0,3,0,english,18
ods,20176,9027,47,4,7,0,1.75,0,english,18
play,20176,9027,66,5,20,2,4,0.4,english,18
ac,20176,13227,68,46,57,11,1.2391304347826086,0.2391304347826087,english,26
ods,20176,13227,33,3,0,0,0,0,english,26
ac,20176,33027,5,0,0,0,NaN,NaN,english,29
conv,20176,33027,28,11,17,3,1.5454545454545454,0.2727272727272727,english,29
ods,20176,33027,21,6,10,0,1.6666666666666667,0,english,29
play,20176,33027,24,9,19,5,2.111111111111111,0.5555555555555556,english,29
routines,20176,33027,50,14,30,3,2.142857142857143,0.21428571428571427,english,29
ac,20176,22227,35,28,30,11,1.0714285714285714,0.39285714285714285,english,30
ods,20176,22227,43,1,0,0,0,0,english,30
ac,20176,11127,47,19,39,10,2.0526315789473686,0.5263157894736842,english,31
ods,20176,11127,77,18,22,4,1.2222222222222223,0.2222222222222222,english,31
ac,20176,15627,10,0,0,0,NaN,NaN,english,33
food,20176,15627,41,14,30,4,2.142857142857143,0.2857142857142857,english,33
ods,20176,15627,4,1,0,0,0,0,english,33
routines,20176,15627,69,21,46,12,2.1904761904761907,0.5714285714285714,english,33
books,20177,11474,144,31,72,15,2.3225806451612905,0.4838709677419355,english,1
ods,20177,11474,5,9,5,0,0.5555555555555556,0,english,1
routines,20177,11474,4,0,0,0,NaN,NaN,english,1
books,20177,12074,74,48,47,16,0.9791666666666666,0.3333333333333333,english,2
ods,20177,12074,0,3,0,0,0,0,english,2
play,20177,12074,9,6,7,0,1.1666666666666667,0,english,2
ac,20177,6674,23,17,22,6,1.2941176470588236,0.35294117647058826,english,3
conv,20177,6674,29,14,27,10,1.9285714285714286,0.7142857142857143,english,3
ods,20177,6674,45,27,14,1,0.5185185185185185,0.037037037037037035,english,3
routines,20177,6674,11,7,10,2,1.4285714285714286,0.2857142857142857,english,3
ac,20177,25137,30,18,24,8,1.3333333333333333,0.4444444444444444,english,4
conv,20177,25137,15,14,13,3,0.9285714285714286,0.21428571428571427,english,4
ods,20177,25137,0,8,0,0,0,0,english,4
ac,20177,29337,26,18,22,6,1.2222222222222223,0.3333333333333333,english,6
books,20177,29337,37,10,26,5,2.6,0.5,english,6
conv,20177,29337,18,14,18,6,1.2857142857142858,0.42857142857142855,english,6
ods,20177,29337,12,19,12,0,0.631578947368421,0,english,6
play,20177,29337,12,2,5,0,2.5,0,english,6
ac,20177,4874,26,21,22,10,1.0476190476190477,0.47619047619047616,english,7
conv,20177,4874,41,23,40,15,1.7391304347826086,0.6521739130434783,english,7
ods,20177,4874,0,30,0,0,0,0,english,7
ac,20190,15561,8,2,4,1,2,0.5,english,1
books,20190,15561,31,9,20,3,2.2222222222222223,0.3333333333333333,english,1
conv,20190,15561,45,12,26,7,2.1666666666666665,0.5833333333333334,english,1
ods,20190,15561,1,9,1,0,0.1111111111111111,0,english,1
play,20190,15561,51,15,28,4,1.8666666666666667,0.26666666666666666,english,1
ac,20190,12861,34,17,25,9,1.4705882352941178,0.5294117647058824,english,2
conv,20190,12861,63,14,26,10,1.8571428571428572,0.7142857142857143,english,2
food,20190,12861,18,10,15,4,1.5,0.4,english,2
ods,20190,12861,9,5,3,0,0.6,0,english,2
ac,20190,14061,15,3,9,0,3,0,english,3
conv,20190,14061,62,8,20,3,2.5,0.375,english,3
ods,20190,14061,0,1,0,0,0,0,english,3
play,20190,14061,48,20,37,3,1.85,0.15,english,3
ac,20190,5162,23,12,19,1,1.5833333333333333,0.08333333333333333,english,4
books,20190,5162,77,11,32,2,2.909090909090909,0.18181818181818182,english,4
conv,20190,5162,3,0,0,0,NaN,NaN,english,4
ods,20190,5162,12,0,0,0,NaN,NaN,english,4
books,20190,26832,74,35,54,9,1.542857142857143,0.2571428571428571,english,5
conv,20190,26832,10,2,5,0,2.5,0,english,5
ods,20190,26832,5,1,0,0,0,0,english,5
play,20190,26832,10,3,4,0,1.3333333333333333,0,english,5
ac,20190,23520,37,11,22,4,2,0.36363636363636365,english,6
ods,20190,23520,26,13,11,0,0.8461538461538461,0,english,6
play,20190,23520,12,7,10,6,1.4285714285714286,0.8571428571428571,english,6
ac,20191,13376,11,9,10,5,1.1111111111111112,0.5555555555555556,english,1
books,20191,13376,76,9,19,1,2.111111111111111,0.1111111111111111,english,1
conv,20191,13376,47,7,20,3,2.857142857142857,0.42857142857142855,english,1
ods,20191,13376,24,9,7,1,0.7777777777777778,0.1111111111111111,english,1
conv,20191,24276,40,8,10,2,1.25,0.25,english,2
ods,20191,24276,49,17,14,1,0.8235294117647058,0.058823529411764705,english,2
play,20191,24276,27,5,15,2,3,0.4,english,2
ac,20191,14276,4,0,0,0,NaN,NaN,english,4
books,20191,14276,30,4,11,3,2.75,0.75,english,4
conv,20191,14276,15,4,9,4,2.25,1,english,4
ods,20191,14276,62,24,23,5,0.9583333333333334,0.20833333333333334,english,4
ac,20191,10676,4,0,0,0,NaN,NaN,english,5
conv,20191,10676,16,2,7,2,3.5,1,english,5
ods,20191,10676,50,10,14,2,1.4,0.2,english,5
play,20191,10676,23,7,13,2,1.8571428571428572,0.2857142857142857,english,5
ac,20191,11576,16,2,7,2,3.5,1,english,7
conv,20191,11576,25,11,19,3,1.7272727272727273,0.2727272727272727,english,7
ods,20191,11576,35,32,17,1,0.53125,0.03125,english,7
play,20191,11576,12,2,6,2,3,1,english,7
ac,20191,26376,2,0,0,0,NaN,NaN,english,8
conv,20191,26376,3,2,3,2,1.5,1,english,8
ods,20191,26376,31,16,4,0,0.25,0,english,8
play,20191,26376,2,0,0,0,NaN,NaN,english,8
books,20192,24018,100,9,29,8,3.2222222222222223,0.8888888888888888,english,1
conv,20192,24018,4,2,2,0,1,0,english,1
ods,20192,24018,34,6,4,1,0.6666666666666666,0.16666666666666666,english,1
conv,20192,9234,18,9,15,3,1.6666666666666667,0.3333333333333333,english,20
ods,20192,9234,15,9,6,2,0.6666666666666666,0.2222222222222222,english,20
play,20192,9234,37,20,19,4,0.95,0.2,english,20
ac,20192,30438,19,1,4,0,4,0,english,23
conv,20192,30438,26,12,12,3,1,0.25,english,23
ods,20192,30438,44,33,30,1,0.9090909090909091,0.030303030303030304,english,23
ac,20192,682,3,0,0,0,NaN,NaN,english,24
food,20192,682,26,9,17,1,1.8888888888888888,0.1111111111111111,english,24
ods,20192,682,41,27,13,3,0.48148148148148145,0.1111111111111111,english,24
routines,20192,682,4,2,2,0,1,0,english,24
ac,20192,8634,1,0,0,0,NaN,NaN,english,26
ods,20192,8634,0,5,0,0,0,0,english,26
play,20192,8634,67,29,38,3,1.3103448275862069,0.10344827586206896,english,26
books,20192,38390,49,20,41,8,2.05,0.4,english,4
conv,20192,38390,5,0,0,0,NaN,NaN,english,4
food,20192,38390,9,3,6,1,2,0.3333333333333333,english,4
ods,20192,38390,36,11,7,0,0.6363636363636364,0,english,4
books,20200,26030,204,90,173,58,1.9222222222222223,0.6444444444444445,english,1
conv,20200,26030,32,23,31,10,1.3478260869565217,0.43478260869565216,english,1
ods,20200,26030,1,5,1,0,0.2,0,english,1
books,20200,6959,182,41,106,14,2.5853658536585367,0.34146341463414637,english,2
ods,20200,6959,1,3,1,0,0.3333333333333333,0,english,2
play,20200,6959,36,8,17,6,2.125,0.75,english,2
ac,20200,9059,26,4,15,1,3.75,0.25,english,3
conv,20200,9059,103,31,72,18,2.3225806451612905,0.5806451612903226,english,3
ods,20200,9059,36,7,16,1,2.2857142857142856,0.14285714285714285,english,3
play,20200,9059,38,7,18,2,2.5714285714285716,0.2857142857142857,english,3
ods,20200,7559,0,1,0,0,0,0,english,4
play,20200,7559,154,60,107,22,1.7833333333333334,0.36666666666666664,english,4
ac,20200,10259,62,37,56,15,1.5135135135135136,0.40540540540540543,english,5
conv,20200,10259,87,22,60,10,2.727272727272727,0.45454545454545453,english,5
ods,20200,10259,73,15,17,0,1.1333333333333333,0,english,5
conv,20200,21530,22,5,13,1,2.6,0.2,english,6
ods,20200,21530,84,14,21,0,1.5,0,english,6
play,20200,21530,106,22,56,7,2.5454545454545454,0.3181818181818182,english,6
ac,20203,36050,42,35,29,11,0.8285714285714286,0.3142857142857143,english,10
conv,20203,36050,63,38,54,7,1.4210526315789473,0.18421052631578946,english,10
ods,20203,36050,33,11,12,0,1.0909090909090908,0,english,10
routines,20203,36050,9,5,8,0,1.6,0,english,10
ac,20203,6950,4,0,0,0,NaN,NaN,english,2
food,20203,6950,25,11,16,6,1.4545454545454546,0.5454545454545454,english,2
ods,20203,6950,9,14,8,1,0.5714285714285714,0.07142857142857142,english,2
play,20203,6950,170,21,62,2,2.9523809523809526,0.09523809523809523,english,2
routines,20203,6950,13,4,4,0,1,0,english,2
ac,20203,18950,13,4,7,0,1.75,0,english,3
conv,20203,18950,60,13,27,2,2.076923076923077,0.15384615384615385,english,3
ods,20203,18950,129,7,18,1,2.5714285714285716,0.14285714285714285,english,3
ac,20203,46250,4,3,3,0,1,0,english,7
food,20203,46250,53,22,41,6,1.8636363636363635,0.2727272727272727,english,7
ods,20203,46250,79,24,31,2,1.2916666666666667,0.08333333333333333,english,7
ac,20203,38750,93,78,80,17,1.0256410256410255,0.21794871794871795,english,8
ods,20203,38750,21,23,20,2,0.8695652173913043,0.08695652173913043,english,8
ac,20203,17150,17,3,7,2,2.3333333333333335,0.6666666666666666,english,9
ods,20203,17150,28,9,10,0,1.1111111111111112,0,english,9
routines,20203,17150,42,17,31,1,1.8235294117647058,0.058823529411764705,english,9
ac,20204,13996,10,1,1,0,1,0,english,11
ods,20204,13996,6,5,5,0,1,0,english,11
play,20204,13996,105,41,78,14,1.9024390243902438,0.34146341463414637,english,11
ac,20204,12796,85,35,69,3,1.9714285714285715,0.08571428571428572,english,13
ods,20204,12796,5,1,4,0,4,0,english,13
play,20204,12796,35,8,16,0,2,0,english,13
ac,20204,16783,1,1,1,0,1,0,english,17
conv,20204,16783,70,23,39,4,1.6956521739130435,0.17391304347826086,english,17
ods,20204,16783,11,1,4,0,4,0,english,17
ac,20204,13396,69,23,52,7,2.260869565217391,0.30434782608695654,english,18
ods,20204,13396,11,1,0,0,0,0,english,18
food,20204,20083,19,7,9,2,1.2857142857142858,0.2857142857142857,english,20
ods,20204,20083,40,27,18,0,0.6666666666666666,0,english,20
play,20204,20083,16,6,14,1,2.3333333333333335,0.16666666666666666,english,20
ac,20204,10696,14,1,5,1,5,1,english,7
books,20204,10696,39,17,29,3,1.7058823529411764,0.17647058823529413,english,7
conv,20204,10696,58,16,38,6,2.375,0.375,english,7
ods,20204,10696,32,16,18,3,1.125,0.1875,english,7
food,20224,18841,157,68,130,28,1.911764705882353,0.4117647058823529,english,2
ods,20224,18841,0,2,0,0,0,0,english,2
ac,20224,7441,56,34,54,9,1.588235294117647,0.2647058823529412,english,3
ods,20224,7441,19,18,18,3,1,0.16666666666666666,english,3
play,20224,7441,61,10,28,3,2.8,0.3,english,3
ac,20224,3841,0,1,0,0,0,0,english,4
conv,20224,3841,95,54,77,17,1.4259259259259258,0.3148148148148148,english,4
food,20224,3841,40,15,28,10,1.8666666666666667,0.6666666666666666,english,4
ods,20224,3841,2,7,1,1,0.14285714285714285,0.14285714285714285,english,4
conv,20224,8341,38,12,15,3,1.25,0.25,english,5
ods,20224,8341,0,6,0,0,0,0,english,5
play,20224,8341,52,26,40,11,1.5384615384615385,0.4230769230769231,english,5
conv,20224,15241,141,83,119,36,1.4337349397590362,0.43373493975903615,english,6
ac,20224,40141,21,13,18,5,1.3846153846153846,0.38461538461538464,english,7
conv,20224,40141,83,23,65,16,2.8260869565217392,0.6956521739130435,english,7
ods,20224,40141,12,4,7,0,1.75,0,english,7
play,20224,40141,13,3,2,0,0.6666666666666666,0,english,7
ac,20225,15241,19,1,3,1,3,1,english,1
conv,20225,15241,28,21,27,15,1.2857142857142858,0.7142857142857143,english,1
food,20225,15241,16,7,12,2,1.7142857142857142,0.2857142857142857,english,1
ods,20225,15241,44,14,15,0,1.0714285714285714,0,english,1
ac,20225,1741,18,7,12,4,1.7142857142857142,0.5714285714285714,english,10
conv,20225,1741,16,5,13,1,2.6,0.2,english,10
ods,20225,1741,41,9,16,3,1.7777777777777777,0.3333333333333333,english,10
routines,20225,1741,25,12,21,2,1.75,0.16666666666666666,english,10
ac,20225,5341,32,9,22,0,2.4444444444444446,0,english,11
conv,20225,5341,14,7,11,2,1.5714285714285714,0.2857142857142857,english,11
ods,20225,5341,48,4,6,2,1.5,0.5,english,11
ac,20225,32341,16,1,5,0,5,0,english,2
food,20225,32341,16,4,7,2,1.75,0.5,english,2
ods,20225,32341,42,6,13,3,2.1666666666666665,0.5,english,2
ac,20225,6841,17,3,10,3,3.3333333333333335,1,english,3
conv,20225,6841,43,8,21,1,2.625,0.125,english,3
food,20225,6841,7,1,5,1,5,1,english,3
ods,20225,6841,43,8,14,3,1.75,0.375,english,3
ac,20225,29941,18,1,4,1,4,1,english,9
conv,20225,29941,26,14,17,1,1.2142857142857142,0.07142857142857142,english,9
food,20225,29941,6,3,0,0,0,0,english,9
ods,20225,29941,25,8,7,3,0.875,0.375,english,9
ac,20227,1515,30,24,23,6,0.9583333333333334,0.25,english,10
conv,20227,1515,6,7,4,2,0.5714285714285714,0.2857142857142857,english,10
food,20227,1515,11,9,10,2,1.1111111111111112,0.2222222222222222,english,10
ods,20227,1515,2,12,2,0,0.16666666666666666,0,english,10
ac,20227,16460,4,0,0,0,NaN,NaN,english,11
food,20227,16460,78,54,71,14,1.3148148148148149,0.25925925925925924,english,11
ods,20227,16460,26,22,25,4,1.1363636363636365,0.18181818181818182,english,11
books,20227,6645,41,26,34,9,1.3076923076923077,0.34615384615384615,english,2
food,20227,6645,58,20,38,8,1.9,0.4,english,2
ods,20227,6645,71,40,49,6,1.225,0.15,english,2
ac,20227,8725,1,0,0,0,NaN,NaN,english,7
books,20227,8725,24,11,21,5,1.9090909090909092,0.45454545454545453,english,7
conv,20227,8725,14,7,14,5,2,0.7142857142857143,english,7
food,20227,8725,17,11,16,5,1.4545454545454546,0.45454545454545453,english,7
ods,20227,8725,54,8,15,3,1.875,0.375,english,7
routines,20227,8725,2,0,0,0,NaN,NaN,english,7
ac,20227,17060,9,4,5,0,1.25,0,english,8
conv,20227,17060,49,46,46,13,1,0.2826086956521739,english,8
food,20227,17060,14,7,12,1,1.7142857142857142,0.14285714285714285,english,8
ods,20227,17060,2,8,2,0,0.25,0,english,8
ac,20227,10711,12,5,7,1,1.4,0.2,english,9
food,20227,10711,17,13,14,6,1.0769230769230769,0.46153846153846156,english,9
ods,20227,10711,104,51,60,14,1.1764705882352942,0.27450980392156865,english,9
ods,20233,34502,26,17,17,2,1,0.11764705882352941,english,13
play,20233,34502,194,125,182,77,1.456,0.616,english,13
ac,20233,33302,26,25,24,7,0.96,0.28,english,15
ods,20233,33302,64,32,38,7,1.1875,0.21875,english,15
play,20233,33302,28,7,11,2,1.5714285714285714,0.2857142857142857,english,15
ac,20233,27902,9,3,3,0,1,0,english,16
ods,20233,27902,49,32,37,1,1.15625,0.03125,english,16
play,20233,27902,67,55,60,19,1.0909090909090908,0.34545454545454546,english,16
ac,20233,36602,65,28,37,4,1.3214285714285714,0.14285714285714285,english,17
ods,20233,36602,86,26,39,6,1.5,0.23076923076923078,english,17
ac,20233,32702,33,13,20,8,1.5384615384615385,0.6153846153846154,english,22
conv,20233,32702,11,3,8,2,2.6666666666666665,0.6666666666666666,english,22
ods,20233,32702,63,50,39,4,0.78,0.08,english,22
ac,20233,40202,3,1,1,0,1,0,english,8
food,20233,40202,8,3,6,0,2,0,english,8
ods,20233,40202,80,9,35,3,3.888888888888889,0.3333333333333333,english,8
play,20233,40202,125,30,63,18,2.1,0.6,english,8
ac,20236,27928,1,0,0,0,NaN,NaN,english,2
conv,20236,27928,82,44,59,29,1.3409090909090908,0.6590909090909091,english,2
ods,20236,27928,135,8,22,0,2.75,0,english,2
food,20236,632,139,43,90,25,2.0930232558139537,0.5813953488372093,english,3
ods,20236,3332,2,3,2,0,0.6666666666666666,0,english,4
play,20236,3332,59,33,54,19,1.6363636363636365,0.5757575757575758,english,4
routines,20236,3332,17,9,16,4,1.7777777777777777,0.4444444444444444,english,4
food,20236,9932,97,43,58,6,1.3488372093023255,0.13953488372093023,english,6
ods,20236,9932,21,10,7,0,0.7,0,english,6
ac,20236,29428,36,2,8,0,4,0,english,7
food,20236,29428,32,18,30,6,1.6666666666666667,0.3333333333333333,english,7
ods,20236,29428,41,13,19,8,1.4615384615384615,0.6153846153846154,english,7
conv,20236,30628,51,66,44,15,0.6666666666666666,0.22727272727272727,english,8
ods,20236,30628,11,5,6,2,1.2,0.4,english,8
books,20242,5097,95,28,51,13,1.8214285714285714,0.4642857142857143,english,1
ods,20242,5097,14,10,12,0,1.2,0,english,1
play,20242,5097,69,34,64,23,1.8823529411764706,0.6764705882352942,english,1
books,20242,5697,68,43,53,14,1.2325581395348837,0.32558139534883723,english,3
conv,20242,5697,18,12,16,0,1.3333333333333333,0,english,3
ods,20242,5697,18,28,15,1,0.5357142857142857,0.03571428571428571,english,3
conv,20242,597,16,8,12,2,1.5,0.25,english,4
ods,20242,597,31,14,13,1,0.9285714285714286,0.07142857142857142,english,4
routines,20242,597,51,20,37,5,1.85,0.25,english,4
ac,20242,12065,2,0,0,0,NaN,NaN,english,5
conv,20242,12065,37,7,16,2,2.2857142857142856,0.2857142857142857,english,5
ods,20242,12065,20,12,9,2,0.75,0.16666666666666666,english,5
ac,20242,9365,15,10,12,2,1.2,0.2,english,6
food,20242,9365,10,4,8,2,2,0.5,english,6
ods,20242,9365,48,21,25,2,1.1904761904761905,0.09523809523809523,english,6
routines,20242,9365,10,3,5,1,1.6666666666666667,0.3333333333333333,english,6
ac,20242,16265,94,15,49,9,3.2666666666666666,0.6,english,8
ods,20242,16265,48,16,12,2,0.75,0.125,english,8
books,20251,26614,116,26,58,4,2.230769230769231,0.15384615384615385,english,2
conv,20251,26614,3,2,2,1,1,0.5,english,2
ods,20251,26614,0,3,0,0,0,0,english,2
play,20251,26614,25,6,15,3,2.5,0.5,english,2
books,20251,10665,133,17,45,12,2.6470588235294117,0.7058823529411765,english,3
play,20251,10665,9,0,0,0,NaN,NaN,english,3
conv,20251,20314,117,36,68,10,1.8888888888888888,0.2777777777777778,english,4
ods,20251,20314,132,14,28,3,2,0.21428571428571427,english,4
routines,20251,20314,5,0,0,0,NaN,NaN,english,4
play,20251,6165,135,46,84,24,1.826086956521739,0.5217391304347826,english,6
ac,20251,7065,2,1,1,1,1,1,english,7
ods,20251,7065,0,5,0,0,0,0,english,7
play,20251,7065,116,48,95,22,1.9791666666666667,0.4583333333333333,english,7
ac,20251,34620,45,12,25,3,2.0833333333333335,0.25,english,9
conv,20251,34620,19,10,14,5,1.4,0.5,english,9
ods,20251,34620,1,1,1,0,1,0,english,9
play,20251,34620,57,31,47,20,1.5161290322580645,0.6451612903225806,english,9
ac,7292,46290,30,7,11,1,1.5714285714285714,0.14285714285714285,spanish,1
conv,7292,46290,8,0,0,0,NaN,NaN,spanish,1
ods,7292,46290,203,33,50,0,1.5151515151515151,0,spanish,1
ac,7292,4378,63,10,30,2,3,0.2,spanish,12
ods,7292,4378,101,18,30,0,1.6666666666666667,0,spanish,12
play,7292,4378,10,0,0,0,NaN,NaN,spanish,12
ac,7292,33782,11,0,0,0,NaN,NaN,spanish,20
conv,7292,33782,19,0,0,0,NaN,NaN,spanish,20
food,7292,33782,13,1,3,1,3,1,spanish,20
ods,7292,33782,25,11,9,0,0.8181818181818182,0,spanish,20
routines,7292,33782,21,0,0,0,NaN,NaN,spanish,20
ods,7292,39990,59,14,17,0,1.2142857142857142,0,spanish,3
routines,7292,39990,105,25,64,7,2.56,0.28,spanish,3
ac,7292,8278,6,0,0,0,NaN,NaN,spanish,8
conv,7292,8278,29,2,8,1,4,0.5,spanish,8
ods,7292,8278,72,12,4,0,0.3333333333333333,0,spanish,8
ac,7292,48090,140,17,40,2,2.3529411764705883,0.11764705882352941,spanish,9
ods,7292,48090,72,4,2,0,0.5,0,spanish,9
ac,7352,19028,1,0,0,0,NaN,NaN,spanish,1
food,7352,19028,116,42,89,18,2.119047619047619,0.42857142857142855,spanish,1
ods,7352,19028,33,4,11,0,2.75,0,spanish,1
ac,7352,19628,9,7,7,4,1,0.5714285714285714,spanish,2
food,7352,19628,49,14,28,6,2,0.42857142857142855,spanish,2
ods,7352,19628,44,7,17,0,2.4285714285714284,0,spanish,2
ac,7352,29331,11,8,9,2,1.125,0.25,spanish,3
conv,7352,29331,90,2,10,4,5,2,spanish,3
ods,7352,29331,3,9,3,0,0.3333333333333333,0,spanish,3
play,7352,29331,5,0,0,0,NaN,NaN,spanish,3
ac,7352,34431,56,29,40,9,1.3793103448275863,0.3103448275862069,spanish,4
ods,7352,34431,29,11,12,0,1.0909090909090908,0,spanish,4
routines,7352,34431,76,26,49,6,1.8846153846153846,0.23076923076923078,spanish,4
ac,7352,10653,10,0,0,0,NaN,NaN,spanish,5
conv,7352,10653,61,14,33,12,2.357142857142857,0.8571428571428571,spanish,5
ods,7352,10653,16,5,5,0,1,0,spanish,5
ac,7352,17553,9,0,0,0,NaN,NaN,spanish,6
conv,7352,17553,16,2,4,0,2,0,spanish,6
ods,7352,17553,22,2,6,3,3,1.5,spanish,6
play,7352,17553,35,6,14,3,2.3333333333333335,0.5,spanish,6
books,7355,44306,79,9,24,1,2.6666666666666665,0.1111111111111111,spanish,1
conv,7355,44306,5,3,4,0,1.3333333333333333,0,spanish,1
ods,7355,44306,68,7,12,1,1.7142857142857142,0.14285714285714285,spanish,1
ac,7355,54727,1,1,1,0,1,0,spanish,10
ods,7355,54727,0,3,0,0,0,0,spanish,10
routines,7355,54727,116,48,86,17,1.7916666666666667,0.3541666666666667,spanish,10
ac,7355,16451,88,89,83,17,0.9325842696629213,0.19101123595505617,spanish,13
ac,7355,32563,10,3,6,5,2,1.6666666666666667,spanish,3
conv,7355,32563,32,9,17,3,1.8888888888888888,0.3333333333333333,spanish,3
ods,7355,32563,97,33,34,4,1.0303030303030303,0.12121212121212122,spanish,3
ods,7355,49051,37,17,11,0,0.6470588235294118,0,spanish,6
routines,7355,49051,56,11,21,1,1.9090909090909092,0.09090909090909091,spanish,6
ac,7355,48285,12,4,9,2,2.25,0.5,spanish,8
conv,7355,48285,18,7,12,1,1.7142857142857142,0.14285714285714285,spanish,8
ods,7355,48285,67,11,10,0,0.9090909090909091,0,spanish,8
ac,7363,18003,2,2,2,0,1,0,spanish,10
ods,7363,18003,58,21,10,0,0.47619047619047616,0,spanish,10
routines,7363,18003,42,8,20,1,2.5,0.125,spanish,10
ac,7363,32135,4,7,3,1,0.42857142857142855,0.14285714285714285,spanish,13
conv,7363,32135,43,26,37,6,1.4230769230769231,0.23076923076923078,spanish,13
ods,7363,32135,33,18,22,0,1.2222222222222223,0,spanish,13
play,7363,32135,14,17,13,1,0.7647058823529411,0.058823529411764705,spanish,13
food,7363,41435,28,2,6,0,3,0,spanish,32
ods,7363,41435,32,12,9,0,0.75,0,spanish,32
ac,7363,30336,23,8,15,2,1.875,0.25,spanish,34
ods,7363,30336,15,5,7,0,1.4,0,spanish,34
ac,7363,18603,38,22,33,4,1.5,0.18181818181818182,spanish,35
ods,7363,18603,52,16,15,2,0.9375,0.125,spanish,35
ac,7363,156,11,9,10,3,1.1111111111111112,0.3333333333333333,spanish,8
ods,7363,156,22,28,20,0,0.7142857142857143,0,spanish,8
play,7363,156,46,39,45,7,1.1538461538461537,0.1794871794871795,spanish,8
ods,7373,43870,0,1,0,0,0,0,spanish,1
play,7373,43870,176,33,80,23,2.4242424242424243,0.696969696969697,spanish,1
ac,7373,8548,2,0,0,0,NaN,NaN,spanish,2
books,7373,8548,63,4,10,1,2.5,0.25,spanish,2
ods,7373,8548,37,17,21,2,1.2352941176470589,0.11764705882352941,spanish,2
books,7373,7948,84,35,54,10,1.542857142857143,0.2857142857142857,spanish,3
ods,7373,7948,24,9,9,1,1,0.1111111111111111,spanish,3
ac,7373,20129,20,9,13,4,1.4444444444444444,0.4444444444444444,spanish,4
conv,7373,20129,21,7,11,2,1.5714285714285714,0.2857142857142857,spanish,4
ods,7373,20129,17,8,7,0,0.875,0,spanish,4
play,7373,20129,30,25,28,10,1.12,0.4,spanish,4
routines,7373,20129,46,6,19,1,3.1666666666666665,0.16666666666666666,spanish,4
conv,7373,45970,45,24,39,23,1.625,0.9583333333333334,spanish,6
ods,7373,45970,27,9,17,0,1.8888888888888888,0,spanish,6
play,7373,45970,80,43,71,15,1.6511627906976745,0.3488372093023256,spanish,6
ods,7373,44470,0,4,0,0,0,0,spanish,7
play,7373,44470,87,80,78,24,0.975,0.3,spanish,7
ac,7409,30241,1,0,0,0,NaN,NaN,spanish,1
ods,7409,30241,1,3,1,0,0.3333333333333333,0,spanish,1
play,7409,30241,141,37,81,23,2.189189189189189,0.6216216216216216,spanish,1
ac,7409,28141,6,1,2,0,2,0,spanish,3
conv,7409,28141,19,10,18,9,1.8,0.9,spanish,3
ods,7409,28141,1,2,1,0,0.5,0,spanish,3
play,7409,28141,119,32,67,20,2.09375,0.625,spanish,3
ac,7409,48841,45,13,29,13,2.230769230769231,1,spanish,4
ods,7409,48841,0,1,0,0,0,0,spanish,4
routines,7409,48841,61,20,39,9,1.95,0.45,spanish,4
ac,7409,56641,30,13,26,10,2,0.7692307692307693,spanish,5
conv,7409,56641,49,18,36,11,2,0.6111111111111112,spanish,5
ods,7409,56641,25,7,8,2,1.1428571428571428,0.2857142857142857,spanish,5
ac,7409,51541,81,34,61,19,1.7941176470588236,0.5588235294117647,spanish,6
ods,7409,51541,64,2,1,0,0.5,0,spanish,6
play,7409,51541,42,8,22,5,2.75,0.625,spanish,6
ac,7409,25228,24,5,11,4,2.2,0.8,spanish,7
ods,7409,25228,1,1,0,0,0,0,spanish,7
play,7409,25228,89,0,0,0,NaN,NaN,spanish,7
conv,7412,5433,260,55,147,15,2.672727272727273,0.2727272727272727,spanish,1
conv,7412,3633,188,86,136,21,1.5813953488372092,0.2441860465116279,spanish,10
ac,7412,9033,74,27,56,4,2.074074074074074,0.14814814814814814,spanish,11
ods,7412,9033,8,1,0,0,0,0,spanish,11
play,7412,9033,37,4,7,2,1.75,0.5,spanish,11
routines,7412,9033,88,27,59,11,2.185185185185185,0.4074074074074074,spanish,11
ac,7412,4233,158,49,105,12,2.142857142857143,0.24489795918367346,spanish,13
ods,7412,4233,0,1,0,0,0,0,spanish,13
play,7412,4233,44,12,29,4,2.4166666666666665,0.3333333333333333,spanish,13
conv,7412,4833,142,44,91,19,2.0681818181818183,0.4318181818181818,spanish,3
ods,7412,4833,0,1,0,0,0,0,spanish,3
play,7412,4833,112,45,75,15,1.6666666666666667,0.3333333333333333,spanish,3
routines,7412,6333,249,46,129,25,2.8043478260869565,0.5434782608695652,spanish,4
ac,7433,3831,9,13,8,1,0.6153846153846154,0.07692307692307693,spanish,11
food,7433,3831,29,27,23,2,0.8518518518518519,0.07407407407407407,spanish,11
ods,7433,3831,15,9,4,1,0.4444444444444444,0.1111111111111111,spanish,11
ac,7433,18204,18,8,11,1,1.375,0.125,spanish,12
ods,7433,18204,22,21,18,1,0.8571428571428571,0.047619047619047616,spanish,12
ac,7433,18804,30,9,16,1,1.7777777777777777,0.1111111111111111,spanish,2
food,7433,18804,23,24,22,5,0.9166666666666666,0.20833333333333334,spanish,2
ods,7433,18804,0,13,0,0,0,0,spanish,2
ac,7433,5031,34,25,32,4,1.28,0.16,spanish,4
food,7433,5031,18,17,16,1,0.9411764705882353,0.058823529411764705,spanish,4
ods,7433,5031,12,9,3,0,0.3333333333333333,0,spanish,4
ac,7433,8031,14,8,10,1,1.25,0.125,spanish,7
food,7433,8031,25,34,22,4,0.6470588235294118,0.11764705882352941,spanish,7
ods,7433,8031,19,16,6,0,0.375,0,spanish,7
ac,7433,531,3,0,0,0,NaN,NaN,spanish,8
ods,7433,531,36,27,29,4,1.0740740740740742,0.14814814814814814,spanish,8
play,7433,531,38,21,33,5,1.5714285714285714,0.23809523809523808,spanish,8
ac,7446,39915,30,28,29,5,1.0357142857142858,0.17857142857142858,spanish,12
conv,7446,39915,9,7,8,0,1.1428571428571428,0,spanish,12
ods,7446,39915,0,2,0,0,0,0,spanish,12
ac,7446,2999,23,23,22,4,0.9565217391304348,0.17391304347826086,spanish,13
food,7446,2999,36,34,33,4,0.9705882352941176,0.11764705882352941,spanish,13
ods,7446,2999,12,5,5,0,1,0,spanish,13
ac,7446,30315,94,89,93,26,1.0449438202247192,0.29213483146067415,spanish,2
food,7446,30315,23,22,22,7,1,0.3181818181818182,spanish,2
ods,7446,30315,0,8,0,0,0,0,spanish,2
ac,7446,31815,9,4,6,1,1.5,0.25,spanish,4
conv,7446,31815,89,58,75,11,1.293103448275862,0.1896551724137931,spanish,4
ods,7446,31815,0,2,0,0,0,0,spanish,4
ac,7446,5668,5,4,4,1,1,0.25,spanish,6
conv,7446,5668,14,12,14,2,1.1666666666666667,0.16666666666666666,spanish,6
food,7446,5668,48,25,38,5,1.52,0.2,spanish,6
ods,7446,5668,46,11,20,1,1.8181818181818181,0.09090909090909091,spanish,6
play,7446,5668,16,4,7,1,1.75,0.25,spanish,6
food,7446,56663,26,36,24,4,0.6666666666666666,0.1111111111111111,spanish,9
ods,7446,56663,9,11,6,0,0.5454545454545454,0,spanish,9
routines,7446,56663,23,13,15,0,1.1538461538461537,0,spanish,9
ac,7448,6293,26,10,21,1,2.1,0.1,spanish,10
ods,7448,6293,20,8,5,2,0.625,0.25,spanish,10
ac,7448,2393,21,35,17,3,0.4857142857142857,0.08571428571428572,spanish,13
conv,7448,2393,10,10,7,1,0.7,0.1,spanish,13
ods,7448,2393,9,22,3,1,0.13636363636363635,0.045454545454545456,spanish,13
ac,7448,7434,22,10,18,8,1.8,0.8,spanish,5
books,7448,7434,25,8,21,8,2.625,1,spanish,5
ods,7448,7434,15,20,11,0,0.55,0,spanish,5
ac,7448,13419,40,11,25,5,2.272727272727273,0.45454545454545453,spanish,6
ods,7448,13419,59,15,17,2,1.1333333333333333,0.13333333333333333,spanish,6
ac,7448,17341,8,2,4,0,2,0,spanish,7
conv,7448,17341,55,11,29,5,2.6363636363636362,0.45454545454545453,spanish,7
ods,7448,17341,1,3,0,0,0,0,spanish,7
ac,7448,19772,24,17,17,1,1,0.058823529411764705,spanish,9
conv,7448,19772,15,10,8,0,0.8,0,spanish,9
ods,7448,19772,0,13,0,0,0,0,spanish,9
books,7473,34976,176,41,82,11,2,0.2682926829268293,spanish,1
ods,7473,34976,0,2,0,0,0,0,spanish,1
conv,7473,0,48,5,12,7,2.4,1.4,spanish,11
ods,7473,0,18,3,6,1,2,0.3333333333333333,spanish,11
routines,7473,0,60,4,9,2,2.25,0.5,spanish,11
ods,7473,43787,0,1,0,0,0,0,spanish,2
play,7473,43787,164,14,37,6,2.642857142857143,0.42857142857142855,spanish,2
ac,7473,35576,18,0,0,0,NaN,NaN,spanish,5
books,7473,35576,95,36,61,7,1.6944444444444444,0.19444444444444445,spanish,5
conv,7473,35576,18,4,8,2,2,0.5,spanish,5
ods,7473,35576,0,1,0,0,0,0,spanish,5
food,7473,1034,155,29,78,12,2.689655172413793,0.41379310344827586,spanish,6
ac,7473,16376,1,0,0,0,NaN,NaN,spanish,7
food,7473,16376,118,14,32,8,2.2857142857142856,0.5714285714285714,spanish,7
ods,7473,16376,26,2,4,0,2,0,spanish,7
ac,7480,20708,3,1,1,1,1,1,spanish,1
books,7480,20708,158,76,136,18,1.7894736842105263,0.23684210526315788,spanish,1
ods,7480,20708,30,2,1,0,0.5,0,spanish,1
ac,7480,8,49,57,47,11,0.8245614035087719,0.19298245614035087,spanish,10
ods,7480,8,24,15,22,4,1.4666666666666666,0.26666666666666666,spanish,10
routines,7480,8,44,31,36,6,1.1612903225806452,0.1935483870967742,spanish,10
ac,7480,4208,115,97,105,25,1.0824742268041236,0.25773195876288657,spanish,12
ods,7480,4208,11,1,0,0,0,0,spanish,12
ac,7480,21908,2,0,0,0,NaN,NaN,spanish,13
conv,7480,21908,22,4,10,0,2.5,0,spanish,13
food,7480,21908,24,18,18,7,1,0.3888888888888889,spanish,13
ods,7480,21908,48,8,13,0,1.625,0,spanish,13
play,7480,21908,54,35,44,13,1.2571428571428571,0.37142857142857144,spanish,13
ac,7480,35268,29,18,25,6,1.3888888888888888,0.3333333333333333,spanish,5
ods,7480,35268,6,2,5,1,2.5,0.5,spanish,5
play,7480,35268,216,102,160,34,1.5686274509803921,0.3333333333333333,spanish,5
ac,7480,8708,35,47,27,6,0.574468085106383,0.1276595744680851,spanish,8
ods,7480,8708,1,8,1,0,0.125,0,spanish,8
play,7480,8708,75,22,45,6,2.0454545454545454,0.2727272727272727,spanish,8
ods,7499,54981,17,8,15,0,1.875,0,spanish,1
play,7499,54981,132,47,91,18,1.9361702127659575,0.3829787234042553,spanish,1
play,7499,156,151,55,97,11,1.7636363636363637,0.2,spanish,2
ac,7499,34881,3,0,0,0,NaN,NaN,spanish,3
ods,7499,34881,6,2,6,0,3,0,spanish,3
play,7499,34881,134,51,102,17,2,0.3333333333333333,spanish,3
routines,7499,34881,12,1,1,0,1,0,spanish,3
ac,7499,49581,41,20,28,2,1.4,0.1,spanish,4
conv,7499,49581,21,4,8,1,2,0.25,spanish,4
ods,7499,49581,79,6,5,0,0.8333333333333334,0,spanish,4
conv,7499,1656,119,66,98,22,1.4848484848484849,0.3333333333333333,spanish,5
ods,7499,1656,0,6,0,0,0,0,spanish,5
routines,7499,1656,17,4,14,3,3.5,0.75,spanish,5
food,7499,47781,113,43,86,11,2,0.2558139534883721,spanish,6
ods,7499,47781,0,1,0,0,0,0,spanish,6
ac,7508,1377,5,1,1,1,1,1,spanish,13
conv,7508,1377,2,0,0,0,NaN,NaN,spanish,13
ods,7508,1377,68,10,6,0,0.6,0,spanish,13
routines,7508,1377,40,3,6,1,2,0.3333333333333333,spanish,13
ac,7508,25918,37,22,28,6,1.2727272727272727,0.2727272727272727,spanish,15
conv,7508,25918,14,2,9,0,4.5,0,spanish,15
ods,7508,25918,54,13,15,0,1.1538461538461537,0,spanish,15
routines,7508,25918,9,0,0,0,NaN,NaN,spanish,15
ac,7508,2877,125,19,51,1,2.6842105263157894,0.05263157894736842,spanish,17
ods,7508,2877,27,1,3,0,3,0,spanish,17
ac,7508,17460,65,12,25,10,2.0833333333333335,0.8333333333333334,spanish,18
ods,7508,17460,30,2,4,0,2,0,spanish,18
ac,7508,55600,74,7,22,2,3.142857142857143,0.2857142857142857,spanish,19
ods,7508,55600,22,10,9,0,0.9,0,spanish,19
play,7508,55600,7,0,0,0,NaN,NaN,spanish,19
conv,7508,15360,10,2,3,0,1.5,0,spanish,20
ods,7508,15360,36,3,6,0,2,0,spanish,20
play,7508,15360,38,33,35,2,1.0606060606060606,0.06060606060606061,spanish,20
ac,7550,17808,14,3,10,1,3.3333333333333335,0.3333333333333333,spanish,1
books,7550,17808,25,11,22,3,2,0.2727272727272727,spanish,1
conv,7550,17808,41,9,18,4,2,0.4444444444444444,spanish,1
food,7550,17808,76,27,54,15,2,0.5555555555555556,spanish,1
food,7550,1908,98,60,91,19,1.5166666666666666,0.31666666666666665,spanish,2
ods,7550,1908,3,3,3,0,1,0,spanish,2
ac,7550,3408,11,3,3,2,1,0.6666666666666666,spanish,3
conv,7550,3408,9,4,5,0,1.25,0,spanish,3
ods,7550,3408,33,16,22,5,1.375,0.3125,spanish,3
play,7550,3408,86,47,71,20,1.5106382978723405,0.425531914893617,spanish,3
ods,7550,2808,0,1,0,0,0,0,spanish,4
play,7550,2808,48,23,44,7,1.9130434782608696,0.30434782608695654,spanish,4
routines,7550,2808,54,25,41,8,1.64,0.32,spanish,4
ac,7550,5808,6,2,5,1,2.5,0.5,spanish,5
conv,7550,5808,35,23,29,5,1.2608695652173914,0.21739130434782608,spanish,5
ods,7550,5808,8,7,6,3,0.8571428571428571,0.42857142857142855,spanish,5
routines,7550,5808,65,33,54,16,1.6363636363636365,0.48484848484848486,spanish,5
ac,7550,7308,19,8,12,1,1.5,0.125,spanish,6
conv,7550,7308,41,13,24,3,1.8461538461538463,0.23076923076923078,spanish,6
food,7550,7308,28,24,22,2,0.9166666666666666,0.08333333333333333,spanish,6
ods,7550,7308,0,7,0,0,0,0,spanish,6
routines,7550,7308,31,18,27,13,1.5,0.7222222222222222,spanish,6
ac,7552,33349,134,52,99,35,1.9038461538461537,0.6730769230769231,spanish,1
ods,7552,33349,0,1,0,0,0,0,spanish,1
play,7552,33349,28,4,11,2,2.75,0.5,spanish,1
conv,7552,48049,10,5,8,2,1.6,0.4,spanish,2
ods,7552,48049,5,1,3,2,3,2,spanish,2
play,7552,48049,49,7,21,3,3,0.42857142857142855,spanish,2
routines,7552,48049,92,35,62,22,1.7714285714285714,0.6285714285714286,spanish,2
ac,7552,32149,94,17,46,16,2.7058823529411766,0.9411764705882353,spanish,4
food,7552,32149,23,4,15,2,3.75,0.5,spanish,4
ods,7552,32149,4,0,0,0,NaN,NaN,spanish,4
food,7552,31549,140,51,113,39,2.215686274509804,0.7647058823529411,spanish,5
ods,7552,31549,3,0,0,0,NaN,NaN,spanish,5
ac,7552,53789,7,3,4,2,1.3333333333333333,0.6666666666666666,spanish,6
conv,7552,53789,57,28,46,14,1.6428571428571428,0.5,spanish,6
ods,7552,53789,93,24,49,1,2.0416666666666665,0.041666666666666664,spanish,6
food,7552,32749,120,49,105,30,2.142857142857143,0.6122448979591837,spanish,7
books,7574,2917,90,58,70,10,1.206896551724138,0.1724137931034483,spanish,1
conv,7574,2917,6,4,4,2,1,0.5,spanish,1
ods,7574,2917,2,3,2,0,0.6666666666666666,0,spanish,1
ac,7574,48555,9,2,6,0,3,0,spanish,2
conv,7574,48555,59,33,56,9,1.696969696969697,0.2727272727272727,spanish,2
food,7574,48555,9,3,7,1,2.3333333333333335,0.3333333333333333,spanish,2
ods,7574,48555,52,6,17,4,2.8333333333333335,0.6666666666666666,spanish,2
routines,7574,48555,20,12,19,3,1.5833333333333333,0.25,spanish,2
ac,7574,8017,50,41,48,11,1.170731707317073,0.2682926829268293,spanish,3
conv,7574,8017,23,18,19,3,1.0555555555555556,0.16666666666666666,spanish,3
ods,7574,8017,31,12,26,2,2.1666666666666665,0.16666666666666666,spanish,3
ac,7574,47955,27,28,25,8,0.8928571428571429,0.2857142857142857,spanish,4
conv,7574,47955,7,6,6,1,1,0.16666666666666666,spanish,4
food,7574,47955,33,22,32,5,1.4545454545454546,0.22727272727272727,spanish,4
ods,7574,47955,32,12,23,6,1.9166666666666667,0.5,spanish,4
routines,7574,47955,9,3,8,1,2.6666666666666665,0.3333333333333333,spanish,4
food,7574,8917,72,31,58,8,1.8709677419354838,0.25806451612903225,spanish,5
ods,7574,8917,53,18,32,1,1.7777777777777777,0.05555555555555555,spanish,5
conv,7574,56955,98,67,96,20,1.4328358208955223,0.29850746268656714,spanish,7
ods,7574,56955,17,4,13,0,3.25,0,spanish,7
books,7579,18684,193,18,55,14,3.0555555555555554,0.7777777777777778,spanish,1
ods,7579,18684,61,6,21,12,3.5,2,spanish,1
routines,7579,18684,3,0,0,0,NaN,NaN,spanish,1
ac,7579,1220,69,21,31,4,1.4761904761904763,0.19047619047619047,spanish,2
ods,7579,1220,12,3,6,0,2,0,spanish,2
routines,7579,1220,110,29,64,25,2.206896551724138,0.8620689655172413,spanish,2
ac,7579,10692,58,8,18,1,2.25,0.125,spanish,3
conv,7579,10692,28,1,3,0,3,0,spanish,3
ods,7579,10692,1,2,1,0,0.5,0,spanish,3
routines,7579,10692,116,10,34,11,3.4,1.1,spanish,3
ac,7579,8342,177,52,105,15,2.019230769230769,0.28846153846153844,spanish,4
ac,7579,9192,89,31,69,12,2.225806451612903,0.3870967741935484,spanish,5
conv,7579,9192,31,5,12,4,2.4,0.8,spanish,5
ods,7579,9192,20,2,3,0,1.5,0,spanish,5
play,7579,9192,20,3,8,1,2.6666666666666665,0.3333333333333333,spanish,5
ac,7579,1820,57,18,50,9,2.7777777777777777,0.5,spanish,6
ods,7579,1820,101,11,32,0,2.909090909090909,0,spanish,6
ac,7580,39992,3,1,1,0,1,0,spanish,1
books,7580,39992,95,81,86,17,1.0617283950617284,0.20987654320987653,spanish,1
ods,7580,39992,29,4,5,0,1.25,0,spanish,1
ac,7580,51627,26,5,9,3,1.8,0.6,spanish,13
ods,7580,51627,18,9,7,1,0.7777777777777778,0.1111111111111111,spanish,13
routines,7580,51627,55,25,38,7,1.52,0.28,spanish,13
food,7580,38192,39,16,27,5,1.6875,0.3125,spanish,2
ods,7580,38192,72,23,20,3,0.8695652173913043,0.13043478260869565,spanish,2
ac,7580,49527,8,0,0,0,NaN,NaN,spanish,6
conv,7580,49527,17,13,14,3,1.0769230769230769,0.23076923076923078,spanish,6
ods,7580,49527,51,50,28,5,0.56,0.1,spanish,6
ac,7580,10089,10,15,9,2,0.6,0.13333333333333333,spanish,8
ods,7580,10089,8,16,7,0,0.4375,0,spanish,8
play,7580,10089,36,31,33,10,1.064516129032258,0.3225806451612903,spanish,8
routines,7580,10089,43,37,41,16,1.1081081081081081,0.43243243243243246,spanish,8
ac,7580,35192,59,36,47,18,1.3055555555555556,0.5,spanish,9
ods,7580,35192,23,25,15,1,0.6,0.04,spanish,9
ac,7621,56347,87,40,68,21,1.7,0.525,spanish,12
food,7621,56347,29,8,19,5,2.375,0.625,spanish,12
ods,7621,56347,26,12,16,3,1.3333333333333333,0.25,spanish,12
play,7621,56347,32,16,22,1,1.375,0.0625,spanish,12
ac,7621,301,17,6,12,1,2,0.16666666666666666,spanish,3
conv,7621,301,53,20,36,14,1.8,0.7,spanish,3
ods,7621,301,14,6,9,0,1.5,0,spanish,3
play,7621,301,22,14,19,10,1.3571428571428572,0.7142857142857143,spanish,3
ac,7621,41947,127,71,108,13,1.5211267605633803,0.18309859154929578,spanish,5
conv,7621,41947,11,4,5,0,1.25,0,spanish,5
ods,7621,41947,47,17,34,4,2,0.23529411764705882,spanish,5
ac,7621,41047,16,7,12,3,1.7142857142857142,0.42857142857142855,spanish,6
food,7621,41047,64,33,37,9,1.121212121212121,0.2727272727272727,spanish,6
ods,7621,41047,63,22,32,1,1.4545454545454546,0.045454545454545456,spanish,6
ac,7621,48847,136,76,121,24,1.5921052631578947,0.3157894736842105,spanish,8
ods,7621,48847,43,13,24,1,1.8461538461538463,0.07692307692307693,spanish,8
ac,7621,40147,61,51,57,10,1.1176470588235294,0.19607843137254902,spanish,9
conv,7621,40147,6,2,3,0,1.5,0,spanish,9
ods,7621,40147,10,5,4,0,0.8,0,spanish,9
play,7621,40147,39,25,37,13,1.48,0.52,spanish,9
ac,7660,4545,79,79,76,9,0.9620253164556962,0.11392405063291139,spanish,15
ods,7660,4545,23,12,17,4,1.4166666666666667,0.3333333333333333,spanish,15
ac,7660,2145,41,48,40,13,0.8333333333333334,0.2708333333333333,spanish,2
conv,7660,2145,58,36,49,15,1.3611111111111112,0.4166666666666667,spanish,2
ods,7660,2145,28,12,12,1,1,0.08333333333333333,spanish,2
ac,7660,26669,118,30,82,15,2.7333333333333334,0.5,spanish,3
ods,7660,26669,47,17,33,5,1.9411764705882353,0.29411764705882354,spanish,3
ac,7660,29297,7,2,3,2,1.5,1,spanish,4
food,7660,29297,16,7,10,1,1.4285714285714286,0.14285714285714285,spanish,4
ods,7660,29297,91,19,25,1,1.3157894736842106,0.05263157894736842,spanish,4
routines,7660,29297,32,10,19,2,1.9,0.2,spanish,4
ac,7660,1545,104,65,79,20,1.2153846153846153,0.3076923076923077,spanish,5
ods,7660,1545,54,18,27,2,1.5,0.1111111111111111,spanish,5
ac,7660,24269,116,42,80,11,1.9047619047619047,0.2619047619047619,spanish,7
ods,7660,24269,11,2,5,0,2.5,0,spanish,7
ac,7692,3667,2,0,0,0,NaN,NaN,spanish,1
books,7692,3667,100,47,92,28,1.9574468085106382,0.5957446808510638,spanish,1
ods,7692,3667,30,3,11,0,3.6666666666666665,0,spanish,1
conv,7692,13285,35,21,29,12,1.380952380952381,0.5714285714285714,spanish,2
ods,7692,13285,0,3,0,0,0,0,spanish,2
routines,7692,13285,121,70,102,43,1.457142857142857,0.6142857142857143,spanish,2
play,7692,36443,155,72,136,34,1.8888888888888888,0.4722222222222222,spanish,4
ac,7692,5167,46,26,42,5,1.6153846153846154,0.19230769230769232,spanish,5
ods,7692,5167,36,25,30,1,1.2,0.04,spanish,5
play,7692,5167,80,29,65,11,2.2413793103448274,0.3793103448275862,spanish,5
ac,7692,1285,39,19,37,15,1.9473684210526316,0.7894736842105263,spanish,6
conv,7692,1285,41,18,39,13,2.1666666666666665,0.7222222222222222,spanish,6
ods,7692,1285,48,20,43,9,2.15,0.45,spanish,6
routines,7692,1285,19,10,18,7,1.8,0.7,spanish,6
ac,7692,12385,40,20,31,5,1.55,0.25,spanish,7
conv,7692,12385,77,39,63,25,1.6153846153846154,0.6410256410256411,spanish,7
ods,7692,12385,0,2,0,0,0,0,spanish,7
books,7739,7164,175,80,143,28,1.7875,0.35,spanish,1
ac,7739,38373,33,2,10,1,5,0.5,spanish,2
conv,7739,38373,29,16,27,3,1.6875,0.1875,spanish,2
ods,7739,38373,156,6,17,3,2.8333333333333335,0.5,spanish,2
books,7739,7764,210,128,192,47,1.5,0.3671875,spanish,3
ods,7739,7764,3,4,2,0,0.5,0,spanish,3
books,7739,6564,56,18,35,7,1.9444444444444444,0.3888888888888889,spanish,4
ods,7739,6564,0,1,0,0,0,0,spanish,4
routines,7739,6564,84,51,71,10,1.392156862745098,0.19607843137254902,spanish,4
books,7739,37773,141,73,113,20,1.547945205479452,0.273972602739726,spanish,5
conv,7739,37773,34,15,29,6,1.9333333333333333,0.4,spanish,5
ods,7739,37773,33,4,9,2,2.25,0.5,spanish,5
ac,7739,864,7,2,5,1,2.5,0.5,spanish,6
conv,7739,864,79,56,76,13,1.3571428571428572,0.23214285714285715,spanish,6
food,7739,864,66,35,58,11,1.6571428571428573,0.3142857142857143,spanish,6
ods,7739,864,14,2,4,0,2,0,spanish,6
ac,7749,48481,8,4,6,0,1.5,0,spanish,1
conv,7749,48481,75,14,33,4,2.357142857142857,0.2857142857142857,spanish,1
ods,7749,48481,71,23,26,4,1.1304347826086956,0.17391304347826086,spanish,1
routines,7749,48481,33,14,24,3,1.7142857142857142,0.21428571428571427,spanish,1
ods,7749,26304,53,7,9,0,1.2857142857142858,0,spanish,2
play,7749,26304,244,23,54,3,2.347826086956522,0.13043478260869565,spanish,2
ac,7749,38004,58,22,43,7,1.9545454545454546,0.3181818181818182,spanish,3
ods,7749,38004,35,5,13,0,2.6,0,spanish,3
routines,7749,38004,49,17,39,14,2.2941176470588234,0.8235294117647058,spanish,3
food,7749,1556,72,10,37,10,3.7,1,spanish,4
ods,7749,1556,9,1,0,0,0,0,spanish,4
conv,7749,6356,122,34,78,16,2.2941176470588234,0.47058823529411764,spanish,5
food,7749,36804,92,23,47,9,2.0434782608695654,0.391304347826087,spanish,9
ac,7780,43967,30,21,27,4,1.2857142857142858,0.19047619047619047,spanish,31
ods,7780,43967,9,15,7,0,0.4666666666666667,0,spanish,31
ac,7780,35980,16,19,15,3,0.7894736842105263,0.15789473684210525,spanish,37
ods,7780,35980,2,10,1,0,0.1,0,spanish,37
ac,7780,33280,20,31,19,9,0.6129032258064516,0.2903225806451613,spanish,39
ods,7780,33280,5,8,5,1,0.625,0.125,spanish,39
ac,7780,26080,15,31,14,2,0.45161290322580644,0.06451612903225806,spanish,47
food,7780,26080,4,9,3,2,0.3333333333333333,0.2222222222222222,spanish,47
ods,7780,26080,15,39,12,3,0.3076923076923077,0.07692307692307693,spanish,47
ac,7780,35080,15,12,10,3,0.8333333333333334,0.25,spanish,50
ods,7780,35080,0,25,0,0,0,0,spanish,50
ac,7780,13780,9,0,0,0,NaN,NaN,spanish,59
ods,7780,13780,0,1,0,0,0,0,spanish,59
ac,7791,21528,8,2,6,1,3,0.5,spanish,1
books,7791,21528,213,62,156,35,2.5161290322580645,0.5645161290322581,spanish,1
ods,7791,21528,39,47,28,1,0.5957446808510638,0.02127659574468085,spanish,1
ac,7791,20928,1,0,0,0,NaN,NaN,spanish,2
books,7791,20928,110,54,89,30,1.6481481481481481,0.5555555555555556,spanish,2
ods,7791,20928,105,40,57,4,1.425,0.1,spanish,2
ac,7791,13428,22,3,7,1,2.3333333333333335,0.3333333333333333,spanish,3
conv,7791,13428,10,1,2,1,2,1,spanish,3
ods,7791,13428,190,48,81,9,1.6875,0.1875,spanish,3
play,7791,13428,27,12,20,5,1.6666666666666667,0.4166666666666667,spanish,3
ac,7791,2807,3,0,0,0,NaN,NaN,spanish,4
conv,7791,2807,269,79,178,29,2.2531645569620253,0.3670886075949367,spanish,4
ods,7791,2807,24,21,21,0,1,0,spanish,4
ac,7791,3407,100,71,71,15,1,0.2112676056338028,spanish,5
ods,7791,3407,115,37,50,2,1.3513513513513513,0.05405405405405406,spanish,5
conv,7791,35989,152,52,67,21,1.2884615384615385,0.40384615384615385,spanish,7
ods,7791,35989,0,1,0,0,0,0,spanish,7
ac,7795,16610,1,1,0,0,0,0,spanish,11
conv,7795,16610,43,8,18,1,2.25,0.125,spanish,11
ods,7795,16610,46,23,23,2,1,0.08695652173913043,spanish,11
play,7795,16610,64,20,27,6,1.35,0.3,spanish,11
ac,7795,38573,11,0,0,0,NaN,NaN,spanish,2
conv,7795,38573,13,3,7,0,2.3333333333333335,0,spanish,2
ods,7795,38573,127,16,20,0,1.25,0,spanish,2
play,7795,38573,22,8,18,9,2.25,1.125,spanish,2
ac,7795,8838,78,29,54,9,1.8620689655172413,0.3103448275862069,spanish,21
conv,7795,8838,50,5,17,1,3.4,0.2,spanish,21
ods,7795,8838,0,10,0,0,0,0,spanish,21
ac,7795,34073,79,61,70,14,1.1475409836065573,0.22950819672131148,spanish,22
ods,7795,34073,6,9,4,0,0.4444444444444444,0,spanish,22
routines,7795,34073,12,5,10,1,2,0.2,spanish,22
ac,7795,40073,2,0,0,0,NaN,NaN,spanish,23
food,7795,40073,33,15,23,1,1.5333333333333334,0.06666666666666667,spanish,23
ods,7795,40073,85,23,20,0,0.8695652173913043,0,spanish,23
ac,7795,5538,56,9,20,3,2.2222222222222223,0.3333333333333333,spanish,5
conv,7795,5538,44,10,26,13,2.6,1.3,spanish,5
ods,7795,5538,92,4,9,0,2.25,0,spanish,5
ac,7812,33868,46,7,15,7,2.142857142857143,1,spanish,1
conv,7812,33868,18,1,3,0,3,0,spanish,1
ods,7812,33868,89,11,23,3,2.090909090909091,0.2727272727272727,spanish,1
play,7812,33868,76,4,10,7,2.5,1.75,spanish,1
ods,7812,30868,11,4,7,0,1.75,0,spanish,4
routines,7812,30868,175,26,71,33,2.730769230769231,1.2692307692307692,spanish,4
ac,7812,17247,24,7,14,9,2,1.2857142857142858,spanish,5
conv,7812,17247,32,3,11,2,3.6666666666666665,0.6666666666666666,spanish,5
food,7812,17247,12,3,8,3,2.6666666666666665,1,spanish,5
ods,7812,17247,162,9,18,9,2,1,spanish,5
ac,7812,16647,8,0,0,0,NaN,NaN,spanish,6
conv,7812,16647,45,7,20,10,2.857142857142857,1.4285714285714286,spanish,6
ods,7812,16647,97,2,7,2,3.5,1,spanish,6
play,7812,16647,18,4,7,0,1.75,0,spanish,6
routines,7812,16647,40,14,26,12,1.8571428571428572,0.8571428571428571,spanish,6
conv,7812,27868,80,9,25,5,2.7777777777777777,0.5555555555555556,spanish,7
ods,7812,27868,15,5,3,0,0.6,0,spanish,7
play,7812,27868,11,0,0,0,NaN,NaN,spanish,7
routines,7812,27868,27,11,14,5,1.2727272727272727,0.45454545454545453,spanish,7
ac,7812,13047,47,22,36,21,1.6363636363636365,0.9545454545454546,spanish,8
food,7812,13047,124,48,86,37,1.7916666666666667,0.7708333333333334,spanish,8
ods,7812,13047,0,1,0,0,0,0,spanish,8
conv,7881,24195,7,0,0,0,NaN,NaN,spanish,1
ods,7881,24195,35,0,0,0,NaN,NaN,spanish,1
play,7881,24195,124,24,74,7,3.0833333333333335,0.2916666666666667,spanish,1
ac,7881,53030,23,16,19,1,1.1875,0.0625,spanish,14
ods,7881,53030,48,9,14,0,1.5555555555555556,0,spanish,14
ac,7881,47030,21,6,11,1,1.8333333333333333,0.16666666666666666,spanish,16
ods,7881,47030,117,21,37,2,1.7619047619047619,0.09523809523809523,spanish,16
books,7881,25395,52,16,38,2,2.375,0.125,spanish,2
ods,7881,25395,3,1,0,0,0,0,spanish,2
play,7881,25395,70,15,45,7,3,0.4666666666666667,spanish,2
ac,7881,26295,3,2,2,1,1,0.5,spanish,3
books,7881,26295,72,15,32,0,2.1333333333333333,0,spanish,3
ods,7881,26295,23,4,8,0,2,0,spanish,3
play,7881,26295,43,3,11,0,3.6666666666666665,0,spanish,3
ac,7881,24795,2,0,0,0,NaN,NaN,spanish,4
ods,7881,24795,34,4,14,1,3.5,0.25,spanish,4
play,7881,24795,108,27,74,8,2.740740740740741,0.2962962962962963,spanish,4
conv,7908,20493,38,5,14,4,2.8,0.8,spanish,2
ods,7908,20493,2,5,2,0,0.4,0,spanish,2
play,7908,20493,88,50,64,17,1.28,0.34,spanish,2
food,7908,1293,54,16,26,7,1.625,0.4375,spanish,3
ods,7908,1293,60,4,8,0,2,0,spanish,3
ac,7908,21993,21,30,13,5,0.43333333333333335,0.16666666666666666,spanish,5
conv,7908,21993,32,19,27,6,1.4210526315789473,0.3157894736842105,spanish,5
ods,7908,21993,10,7,7,1,1,0.14285714285714285,spanish,5
routines,7908,21993,14,8,10,0,1.25,0,spanish,5
ac,7908,9993,42,18,31,3,1.7222222222222223,0.16666666666666666,spanish,6
conv,7908,9993,4,0,0,0,NaN,NaN,spanish,6
ods,7908,9993,22,18,13,0,0.7222222222222222,0,spanish,6
conv,7908,21093,64,27,45,4,1.6666666666666667,0.14814814814814814,spanish,7
ods,7908,21093,0,4,0,0,0,0,spanish,7
play,7908,21093,6,1,5,2,5,2,spanish,7
ac,7908,17193,30,29,28,2,0.9655172413793104,0.06896551724137931,spanish,8
conv,7908,17193,30,29,27,4,0.9310344827586207,0.13793103448275862,spanish,8
ods,7908,17193,9,5,7,0,1.4,0,spanish,8
ac,7912,20268,36,18,24,4,1.3333333333333333,0.2222222222222222,spanish,10
conv,7912,20268,34,19,21,7,1.105263157894737,0.3684210526315789,spanish,10
ods,7912,20268,0,4,0,0,0,0,spanish,10
routines,7912,20268,5,1,3,0,3,0,spanish,10
ods,7912,9800,0,1,0,0,0,0,spanish,4
play,7912,9800,128,80,121,45,1.5125,0.5625,spanish,4
ods,7912,14300,0,2,0,0,0,0,spanish,5
play,7912,14300,121,89,106,30,1.1910112359550562,0.33707865168539325,spanish,5
ac,7912,20868,7,4,3,1,0.75,0.25,spanish,6
conv,7912,20868,68,50,60,25,1.2,0.5,spanish,6
ods,7912,20868,0,2,0,0,0,0,spanish,6
ac,7912,17000,4,2,0,0,0,0,spanish,7
ods,7912,17000,60,5,5,2,1,0.4,spanish,7
play,7912,17000,69,22,34,6,1.5454545454545454,0.2727272727272727,spanish,7
routines,7912,17000,6,1,1,0,1,0,spanish,7
ac,7912,11600,4,4,3,0,0.75,0,spanish,8
food,7912,11600,102,61,93,30,1.5245901639344261,0.4918032786885246,spanish,8
ods,7912,11600,1,11,1,0,0.09090909090909091,0,spanish,8
books,7915,896,258,66,165,23,2.5,0.3484848484848485,spanish,1
ods,7915,896,0,1,0,0,0,0,spanish,1
food,7915,19315,141,41,62,13,1.5121951219512195,0.3170731707317073,spanish,2
ods,7915,19315,0,1,0,0,0,0,spanish,2
ac,7915,13110,27,5,9,3,1.8,0.6,spanish,3
books,7915,13110,100,25,57,10,2.28,0.4,spanish,3
ods,7915,13110,25,7,11,0,1.5714285714285714,0,spanish,3
ac,7915,17639,3,1,1,0,1,0,spanish,4
conv,7915,17639,73,11,28,2,2.5454545454545454,0.18181818181818182,spanish,4
ods,7915,17639,95,2,5,0,2.5,0,spanish,4
ods,7915,6397,50,17,18,0,1.0588235294117647,0,spanish,5
play,7915,6397,93,58,81,17,1.396551724137931,0.29310344827586204,spanish,5
ods,7915,22501,19,11,8,1,0.7272727272727273,0.09090909090909091,spanish,7
play,7915,22501,115,95,98,10,1.0315789473684212,0.10526315789473684,spanish,7
ac,7920,18939,5,1,2,0,2,0,spanish,11
food,7920,18939,23,4,8,0,2,0,spanish,11
ods,7920,18939,2,4,2,0,0.5,0,spanish,11
routines,7920,18939,76,23,43,11,1.8695652173913044,0.4782608695652174,spanish,11
ac,7920,56992,30,5,11,2,2.2,0.4,spanish,2
conv,7920,56992,64,8,26,2,3.25,0.25,spanish,2
ods,7920,56992,199,10,26,0,2.6,0,spanish,2
routines,7920,56992,35,1,5,3,5,3,spanish,2
conv,7920,17149,32,5,11,2,2.2,0.4,spanish,3
food,7920,17149,9,1,2,0,2,0,spanish,3
ods,7920,17149,7,8,7,1,0.875,0.125,spanish,3
routines,7920,17149,151,63,110,20,1.746031746031746,0.31746031746031744,spanish,3
ac,7920,48892,13,0,0,0,NaN,NaN,spanish,4
conv,7920,48892,38,9,16,2,1.7777777777777777,0.2222222222222222,spanish,4
ods,7920,48892,130,5,7,0,1.4,0,spanish,4
routines,7920,48892,48,6,16,2,2.6666666666666665,0.3333333333333333,spanish,4
ac,7920,50261,1,0,0,0,NaN,NaN,spanish,6
ods,7920,50261,159,18,32,0,1.7777777777777777,0,spanish,6
play,7920,50261,72,17,43,10,2.5294117647058822,0.5882352941176471,spanish,6
conv,7920,47392,108,28,47,5,1.6785714285714286,0.17857142857142858,spanish,8
ods,7920,47392,15,11,10,1,0.9090909090909091,0.09090909090909091,spanish,8
books,7949,11063,242,29,80,10,2.7586206896551726,0.3448275862068966,spanish,1
ods,7949,11063,0,1,0,0,0,0,spanish,1
books,7949,29105,266,17,49,5,2.8823529411764706,0.29411764705882354,spanish,2
ods,7949,29105,52,2,5,0,2.5,0,spanish,2
books,7949,11963,129,19,43,5,2.263157894736842,0.2631578947368421,spanish,3
ods,7949,11963,0,1,0,0,0,0,spanish,3
routines,7949,11963,64,12,30,9,2.5,0.75,spanish,3
ac,7949,10463,10,3,4,0,1.3333333333333333,0,spanish,4
books,7949,10463,146,15,41,5,2.7333333333333334,0.3333333333333333,spanish,4
ods,7949,10463,0,1,0,0,0,0,spanish,4
play,7949,10463,33,9,20,6,2.2222222222222223,0.6666666666666666,spanish,4
books,7949,30005,182,41,62,7,1.5121951219512195,0.17073170731707318,spanish,5
ods,7949,30005,15,0,0,0,NaN,NaN,spanish,5
books,7949,28505,144,27,69,6,2.5555555555555554,0.2222222222222222,spanish,6
conv,7949,28505,4,2,3,1,1.5,0.5,spanish,6
ods,7949,28505,44,4,5,1,1.25,0.25,spanish,6
play,7949,28505,51,14,11,0,0.7857142857142857,0,spanish,6
ac,7963,4336,16,2,3,1,1.5,0.5,spanish,21
food,7963,4336,29,25,25,5,1,0.2,spanish,21
ods,7963,4336,46,6,7,0,1.1666666666666667,0,spanish,21
ac,7963,0,3,0,0,0,NaN,NaN,spanish,28
conv,7963,0,4,0,0,0,NaN,NaN,spanish,28
ods,7963,0,0,1,0,0,0,0,spanish,28
play,7963,0,59,15,34,3,2.2666666666666666,0.2,spanish,28
ac,7963,8836,27,15,21,4,1.4,0.26666666666666666,spanish,3
ods,7963,8836,35,12,4,0,0.3333333333333333,0,spanish,3
ac,7963,38784,44,10,17,1,1.7,0.1,spanish,30
ods,7963,38784,59,14,9,0,0.6428571428571429,0,spanish,30
ac,7963,43070,2,0,0,0,NaN,NaN,spanish,31
conv,7963,43070,17,1,4,1,4,1,spanish,31
food,7963,43070,20,7,13,2,1.8571428571428572,0.2857142857142857,spanish,31
ods,7963,43070,31,10,5,0,0.5,0,spanish,31
ac,7963,7636,9,2,3,1,1.5,0.5,spanish,4
conv,7963,7636,9,7,8,3,1.1428571428571428,0.42857142857142855,spanish,4
ods,7963,7636,21,12,7,0,0.5833333333333334,0,spanish,4
play,7963,7636,96,14,28,2,2,0.14285714285714285,spanish,4
food,7969,32961,62,9,22,3,2.4444444444444446,0.3333333333333333,spanish,10
ods,7969,32961,95,1,2,0,2,0,spanish,10
ac,7969,45917,3,0,0,0,NaN,NaN,spanish,14
food,7969,45917,73,8,28,4,3.5,0.5,spanish,14
ods,7969,45917,53,2,4,0,2,0,spanish,14
food,7969,3601,64,3,12,2,4,0.6666666666666666,spanish,16
ods,7969,3601,34,2,9,0,4.5,0,spanish,16
ac,7969,23787,72,12,36,1,3,0.08333333333333333,spanish,17
conv,7969,23787,16,0,0,0,NaN,NaN,spanish,17
ods,7969,23787,32,5,10,0,2,0,spanish,17
ac,7969,55817,57,5,19,1,3.8,0.2,spanish,6
ods,7969,55817,119,5,4,1,0.8,0.2,spanish,6
ac,7969,51317,10,0,0,0,NaN,NaN,spanish,7
conv,7969,51317,14,0,0,0,NaN,NaN,spanish,7
ods,7969,51317,82,7,3,0,0.42857142857142855,0,spanish,7
play,7969,51317,50,2,7,1,3.5,0.5,spanish,7
books,7995,13566,182,54,124,36,2.2962962962962963,0.6666666666666666,spanish,1
conv,7995,13566,27,19,25,10,1.3157894736842106,0.5263157894736842,spanish,1
ods,7995,13566,6,4,5,0,1.25,0,spanish,1
conv,7995,14166,189,66,129,27,1.9545454545454546,0.4090909090909091,spanish,2
ods,7995,14166,19,7,12,1,1.7142857142857142,0.14285714285714285,spanish,2
conv,7995,12366,133,40,71,13,1.775,0.325,spanish,3
ods,7995,12366,46,6,10,0,1.6666666666666667,0,spanish,3
conv,7995,11766,61,22,37,4,1.6818181818181819,0.18181818181818182,spanish,4
food,7995,11766,32,13,21,2,1.6153846153846154,0.15384615384615385,spanish,4
ods,7995,11766,7,4,1,0,0.25,0,spanish,4
ac,7995,16266,9,3,5,1,1.6666666666666667,0.3333333333333333,spanish,5
conv,7995,16266,83,45,76,17,1.6888888888888889,0.37777777777777777,spanish,5
ods,7995,16266,14,13,9,1,0.6923076923076923,0.07692307692307693,spanish,5
routines,7995,16266,34,13,23,1,1.7692307692307692,0.07692307692307693,spanish,5
ac,7995,42420,90,51,68,19,1.3333333333333333,0.37254901960784315,spanish,6
ods,7995,42420,0,1,0,0,0,0,spanish,6
books,8022,4568,180,65,140,45,2.1538461538461537,0.6923076923076923,spanish,1
books,8022,5168,85,32,71,15,2.21875,0.46875,spanish,3
food,8022,5168,33,29,32,9,1.103448275862069,0.3103448275862069,spanish,3
ods,8022,5168,0,4,0,0,0,0,spanish,3
ac,8022,11468,11,4,5,0,1.25,0,spanish,4
conv,8022,11468,7,6,6,4,1,0.6666666666666666,spanish,4
ods,8022,11468,33,13,30,5,2.3076923076923075,0.38461538461538464,spanish,4
play,8022,11468,113,52,95,19,1.8269230769230769,0.36538461538461536,spanish,4
ac,8022,8468,46,7,18,2,2.5714285714285716,0.2857142857142857,spanish,5
conv,8022,8468,4,3,4,1,1.3333333333333333,0.3333333333333333,spanish,5
ods,8022,8468,165,8,19,0,2.375,0,spanish,5
ac,8022,12668,28,13,24,5,1.8461538461538463,0.38461538461538464,spanish,6
ods,8022,12668,30,13,16,1,1.2307692307692308,0.07692307692307693,spanish,6
play,8022,12668,77,37,57,14,1.5405405405405406,0.3783783783783784,spanish,6
books,8022,3968,54,26,53,18,2.0384615384615383,0.6923076923076923,spanish,7
food,8022,3968,57,30,46,9,1.5333333333333334,0.3,spanish,7
ac,8048,6406,64,45,44,10,0.9777777777777777,0.2222222222222222,spanish,10
ods,8048,6406,62,14,26,5,1.8571428571428572,0.35714285714285715,spanish,10
conv,8048,406,127,110,122,28,1.1090909090909091,0.2545454545454545,spanish,4
ods,8048,406,0,1,0,0,0,0,spanish,4
conv,8048,49403,62,20,35,2,1.75,0.1,spanish,5
ods,8048,49403,36,6,13,0,2.1666666666666665,0,spanish,5
play,8048,49403,8,5,5,0,1,0,spanish,5
routines,8048,49403,39,7,20,2,2.857142857142857,0.2857142857142857,spanish,5
conv,8048,4306,23,15,21,2,1.4,0.13333333333333333,spanish,6
ods,8048,4306,13,4,0,0,0,0,spanish,6
play,8048,4306,61,32,43,6,1.34375,0.1875,spanish,6
ac,8048,16627,54,19,25,8,1.3157894736842106,0.42105263157894735,spanish,7
ods,8048,16627,92,17,14,1,0.8235294117647058,0.058823529411764705,spanish,7
conv,8048,1606,81,45,62,12,1.3777777777777778,0.26666666666666666,spanish,9
ods,8048,1606,0,3,0,0,0,0,spanish,9
conv,8058,19507,19,17,15,1,0.8823529411764706,0.058823529411764705,spanish,13
ods,8058,19507,0,6,0,0,0,0,spanish,13
ac,8058,2609,43,26,23,1,0.8846153846153846,0.038461538461538464,spanish,14
ods,8058,2609,8,2,3,0,1.5,0,spanish,14
ac,8058,10807,21,33,19,3,0.5757575757575758,0.09090909090909091,spanish,15
ods,8058,10807,5,5,0,0,0,0,spanish,15
ac,8058,20107,13,15,12,5,0.8,0.3333333333333333,spanish,16
ods,8058,20107,0,3,0,0,0,0,spanish,16
routines,8058,20107,17,10,13,0,1.3,0,spanish,16
ac,8058,17107,21,18,18,3,1,0.16666666666666666,spanish,17
ods,8058,17107,0,8,0,0,0,0,spanish,17
ac,8058,0,5,2,4,1,2,0.5,spanish,18
ods,8058,0,0,2,0,0,0,0,spanish,18
routines,8058,0,13,9,10,1,1.1111111111111112,0.1111111111111111,spanish,18
ac,8098,13223,1,2,1,1,0.5,0.5,spanish,11
ods,8098,13223,3,3,3,0,1,0,spanish,11
play,8098,13223,146,31,61,23,1.967741935483871,0.7419354838709677,spanish,11
ac,8098,28523,5,6,4,3,0.6666666666666666,0.5,spanish,15
conv,8098,28523,28,0,0,0,NaN,NaN,spanish,15
ods,8098,28523,39,8,4,0,0.5,0,spanish,15
routines,8098,28523,38,4,6,4,1.5,1,spanish,15
ac,8098,2599,82,15,15,3,1,0.2,spanish,19
ods,8098,2599,32,9,11,0,1.2222222222222223,0,spanish,19
routines,8098,2599,60,6,10,3,1.6666666666666667,0.5,spanish,19
ac,8098,14423,11,1,1,0,1,0,spanish,22
conv,8098,14423,20,1,4,0,4,0,spanish,22
food,8098,14423,4,0,0,0,NaN,NaN,spanish,22
ods,8098,14423,0,1,0,0,0,0,spanish,22
play,8098,14423,27,0,0,0,NaN,NaN,spanish,22
books,8098,9023,59,9,17,5,1.8888888888888888,0.5555555555555556,spanish,24
conv,8098,9023,62,13,17,12,1.3076923076923077,0.9230769230769231,spanish,24
ods,8098,9023,18,1,0,0,0,0,spanish,24
play,8098,9023,5,0,0,0,NaN,NaN,spanish,24
ac,8098,3974,39,12,13,8,1.0833333333333333,0.6666666666666666,spanish,27
conv,8098,3974,32,1,2,1,2,1,spanish,27
ods,8098,3974,8,5,1,0,0.2,0,spanish,27
conv,8115,16727,82,9,19,0,2.111111111111111,0,spanish,10
ods,8115,16727,18,0,0,0,NaN,NaN,spanish,10
conv,8115,4127,43,18,34,3,1.8888888888888888,0.16666666666666666,spanish,12
ods,8115,4127,6,2,1,0,0.5,0,spanish,12
ac,8115,31708,3,0,0,0,NaN,NaN,spanish,13
conv,8115,31708,12,4,5,1,1.25,0.25,spanish,13
food,8115,31708,16,14,10,2,0.7142857142857143,0.14285714285714285,spanish,13
ods,8115,31708,38,8,5,0,0.625,0,spanish,13
routines,8115,31708,31,0,0,0,NaN,NaN,spanish,13
ac,8115,27427,29,36,23,4,0.6388888888888888,0.1111111111111111,spanish,17
ods,8115,27427,30,7,4,0,0.5714285714285714,0,spanish,17
play,8115,27427,12,2,5,0,2.5,0,spanish,17
routines,8115,27427,55,30,33,2,1.1,0.06666666666666667,spanish,17
ac,8115,31027,8,3,4,0,1.3333333333333333,0,spanish,18
ods,8115,31027,31,16,5,0,0.3125,0,spanish,18
routines,8115,31027,33,9,22,1,2.4444444444444446,0.1111111111111111,spanish,18
ac,8115,25927,40,5,17,1,3.4,0.2,spanish,9
ods,8115,25927,121,10,16,0,1.6,0,spanish,9
books,8130,14406,148,21,63,3,3,0.14285714285714285,spanish,10
conv,8130,14406,21,3,9,1,3,0.3333333333333333,spanish,10
ods,8130,14406,15,6,9,0,1.5,0,spanish,10
ac,8130,20405,4,0,0,0,NaN,NaN,spanish,3
conv,8130,20405,20,8,9,3,1.125,0.375,spanish,3
food,8130,20405,48,29,40,4,1.3793103448275863,0.13793103448275862,spanish,3
ods,8130,20405,0,3,0,0,0,0,spanish,3
ac,8130,18905,3,2,1,0,0.5,0,spanish,4
conv,8130,18905,32,18,25,5,1.3888888888888888,0.2777777777777778,spanish,4
ods,8130,18905,0,8,0,0,0,0,spanish,4
play,8130,18905,18,16,13,2,0.8125,0.125,spanish,4
ac,8130,3240,100,28,69,7,2.4642857142857144,0.25,spanish,5
ods,8130,3240,21,4,10,0,2.5,0,spanish,5
ac,8130,17405,95,17,29,3,1.7058823529411764,0.17647058823529413,spanish,6
conv,8130,17405,6,1,3,1,3,1,spanish,6
ods,8130,17405,4,2,3,0,1.5,0,spanish,6
routines,8130,17405,26,7,12,3,1.7142857142857142,0.42857142857142855,spanish,6
ac,8130,2340,44,4,15,2,3.75,0.5,spanish,7
books,8130,2340,50,13,28,7,2.1538461538461537,0.5384615384615384,spanish,7
ods,8130,2340,8,17,4,1,0.23529411764705882,0.058823529411764705,spanish,7
books,8144,37537,118,45,95,23,2.111111111111111,0.5111111111111111,spanish,1
play,8144,37537,36,19,34,12,1.7894736842105263,0.631578947368421,spanish,1
ac,8144,33037,70,48,64,16,1.3333333333333333,0.3333333333333333,spanish,10
ods,8144,33037,23,5,7,0,1.4,0,spanish,10
play,8144,33037,14,8,13,8,1.625,1,spanish,10
routines,8144,33037,66,33,57,22,1.7272727272727273,0.6666666666666666,spanish,10
books,8144,18232,171,36,104,13,2.888888888888889,0.3611111111111111,spanish,2
ods,8144,18232,1,0,0,0,NaN,NaN,spanish,2
conv,8144,36637,16,7,14,4,2,0.5714285714285714,spanish,3
ods,8144,36637,14,8,8,1,1,0.125,spanish,3
play,8144,36637,153,42,84,18,2,0.42857142857142855,spanish,3
conv,8144,21742,129,23,59,19,2.5652173913043477,0.8260869565217391,spanish,5
ods,8144,21742,56,0,0,0,NaN,NaN,spanish,5
conv,8144,38137,109,62,89,25,1.435483870967742,0.4032258064516129,spanish,8
ods,8144,38137,23,6,10,2,1.6666666666666667,0.3333333333333333,spanish,8
play,8144,38137,33,23,31,6,1.3478260869565217,0.2608695652173913,spanish,8
routines,8144,38137,14,4,9,3,2.25,0.75,spanish,8
ac,8216,12669,22,11,21,3,1.9090909090909092,0.2727272727272727,spanish,2
food,8216,12669,27,10,15,0,1.5,0,spanish,2
ods,8216,12669,7,3,4,0,1.3333333333333333,0,spanish,2
conv,8216,7168,106,52,78,10,1.5,0.19230769230769232,spanish,3
ods,8216,7168,0,3,0,0,0,0,spanish,3
conv,8216,7768,63,30,38,1,1.2666666666666666,0.03333333333333333,spanish,4
ods,8216,7768,0,1,0,0,0,0,spanish,4
ac,8216,19265,37,24,33,7,1.375,0.2916666666666667,spanish,5
conv,8216,19265,4,0,0,0,NaN,NaN,spanish,5
ods,8216,19265,0,12,0,0,0,0,spanish,5
ac,8216,11469,12,5,6,0,1.2,0,spanish,6
conv,8216,11469,7,3,5,0,1.6666666666666667,0,spanish,6
ods,8216,11469,1,10,0,0,0,0,spanish,6
play,8216,11469,47,25,45,2,1.8,0.08,spanish,6
ac,8216,4768,69,63,67,15,1.0634920634920635,0.23809523809523808,spanish,7
food,8216,4768,14,5,7,1,1.4,0.2,spanish,7
ods,8216,4768,0,15,0,0,0,0,spanish,7
routines,8216,4768,2,1,1,1,1,1,spanish,7
